Source;Target;Type;id;label;timeset;weight
1;2;Directed;0;;;680.0
1;3;Directed;1;;;84.0
1;4;Directed;2;;;18.0
1;5;Directed;3;;;30.0
1;6;Directed;4;;;9.0
1;7;Directed;5;;;32.0
1;8;Directed;6;;;229.0
1;9;Directed;7;;;258.0
1;10;Directed;8;;;33.0
1;11;Directed;9;;;14.0
1;12;Directed;10;;;15.0
1;13;Directed;11;;;37.0
1;14;Directed;12;;;17.0
1;15;Directed;13;;;87.0
1;16;Directed;14;;;191.0
1;17;Directed;15;;;47.0
1;18;Directed;16;;;36.0
1;19;Directed;17;;;284.0
1;20;Directed;18;;;16.0
1;21;Directed;19;;;43.0
1;22;Directed;20;;;71.0
1;23;Directed;21;;;42.0
1;24;Directed;22;;;66.0
1;25;Directed;23;;;13.0
1;26;Directed;24;;;59.0
1;27;Directed;25;;;19.0
1;28;Directed;26;;;36.0
1;29;Directed;27;;;4.0
1;30;Directed;28;;;725.0
1;31;Directed;29;;;79.0
1;32;Directed;30;;;719.0
1;33;Directed;31;;;23.0
1;34;Directed;32;;;9.0
1;35;Directed;33;;;6.0
1;36;Directed;34;;;51.0
1;37;Directed;35;;;23.0
1;38;Directed;36;;;25.0
1;39;Directed;37;;;12.0
1;40;Directed;38;;;49.0
1;41;Directed;39;;;9.0
1;42;Directed;40;;;75.0
1;43;Directed;41;;;2.0
1;44;Directed;42;;;34.0
1;45;Directed;43;;;16.0
1;46;Directed;44;;;133.0
1;47;Directed;45;;;722.0
1;48;Directed;46;;;15.0
1;49;Directed;47;;;4.0
1;50;Directed;48;;;57.0
1;51;Directed;49;;;1.0
1;52;Directed;50;;;13.0
2;1;Directed;51;;;465.0
2;3;Directed;52;;;382.0
2;4;Directed;53;;;119.0
2;5;Directed;54;;;225.0
2;6;Directed;55;;;50.0
2;7;Directed;56;;;106.0
2;8;Directed;57;;;762.0
2;9;Directed;58;;;1467.0
2;10;Directed;59;;;229.0
2;11;Directed;60;;;106.0
2;12;Directed;61;;;85.0
2;13;Directed;62;;;194.0
2;14;Directed;63;;;128.0
2;15;Directed;64;;;221.0
2;16;Directed;65;;;178.0
2;17;Directed;66;;;135.0
2;18;Directed;67;;;168.0
2;19;Directed;68;;;95.0
2;20;Directed;69;;;152.0
2;21;Directed;70;;;204.0
2;22;Directed;71;;;367.0
2;23;Directed;72;;;101.0
2;24;Directed;73;;;70.0
2;25;Directed;74;;;65.0
2;26;Directed;75;;;163.0
2;27;Directed;76;;;104.0
2;28;Directed;77;;;102.0
2;29;Directed;78;;;29.0
2;30;Directed;79;;;3276.0
2;31;Directed;80;;;480.0
2;32;Directed;81;;;2672.0
2;33;Directed;82;;;175.0
2;34;Directed;83;;;47.0
2;35;Directed;84;;;37.0
2;36;Directed;85;;;271.0
2;37;Directed;86;;;89.0
2;38;Directed;87;;;92.0
2;39;Directed;88;;;63.0
2;40;Directed;89;;;245.0
2;41;Directed;90;;;41.0
2;42;Directed;91;;;275.0
2;43;Directed;92;;;22.0
2;44;Directed;93;;;182.0
2;45;Directed;94;;;45.0
2;46;Directed;95;;;237.0
2;47;Directed;96;;;2769.0
2;48;Directed;97;;;143.0
2;49;Directed;98;;;27.0
2;50;Directed;99;;;216.0
2;51;Directed;100;;;30.0
2;52;Directed;101;;;61.0
3;1;Directed;102;;;69.0
3;2;Directed;103;;;402.0
3;4;Directed;104;;;39.0
3;5;Directed;105;;;63.0
3;6;Directed;106;;;12.0
3;7;Directed;107;;;36.0
3;8;Directed;108;;;237.0
3;9;Directed;109;;;750.0
3;10;Directed;110;;;65.0
3;11;Directed;111;;;30.0
3;12;Directed;112;;;16.0
3;13;Directed;113;;;171.0
3;14;Directed;114;;;37.0
3;15;Directed;115;;;46.0
3;16;Directed;116;;;55.0
3;17;Directed;117;;;100.0
3;18;Directed;118;;;37.0
3;19;Directed;119;;;18.0
3;20;Directed;120;;;55.0
3;21;Directed;121;;;116.0
3;22;Directed;122;;;1293.0
3;23;Directed;123;;;31.0
3;24;Directed;124;;;116.0
3;25;Directed;125;;;46.0
3;26;Directed;126;;;184.0
3;27;Directed;127;;;20.0
3;28;Directed;128;;;120.0
3;29;Directed;129;;;14.0
3;30;Directed;130;;;969.0
3;31;Directed;131;;;628.0
3;32;Directed;132;;;932.0
3;33;Directed;133;;;65.0
3;34;Directed;134;;;19.0
3;35;Directed;135;;;6.0
3;36;Directed;136;;;108.0
3;37;Directed;137;;;30.0
3;38;Directed;138;;;27.0
3;39;Directed;139;;;17.0
3;40;Directed;140;;;102.0
3;41;Directed;141;;;21.0
3;42;Directed;142;;;224.0
3;43;Directed;143;;;8.0
3;44;Directed;144;;;100.0
3;45;Directed;145;;;13.0
3;46;Directed;146;;;73.0
3;47;Directed;147;;;308.0
3;48;Directed;148;;;20.0
3;49;Directed;149;;;5.0
3;50;Directed;150;;;80.0
3;51;Directed;151;;;17.0
3;52;Directed;152;;;122.0
4;1;Directed;153;;;16.0
4;2;Directed;154;;;86.0
4;3;Directed;155;;;32.0
4;5;Directed;156;;;39.0
4;6;Directed;157;;;7.0
4;7;Directed;158;;;11.0
4;8;Directed;159;;;61.0
4;9;Directed;160;;;248.0
4;10;Directed;161;;;750.0
4;11;Directed;162;;;229.0
4;12;Directed;163;;;21.0
4;13;Directed;164;;;24.0
4;14;Directed;165;;;79.0
4;15;Directed;166;;;16.0
4;16;Directed;167;;;12.0
4;17;Directed;168;;;20.0
4;18;Directed;169;;;52.0
4;19;Directed;170;;;5.0
4;20;Directed;171;;;357.0
4;21;Directed;172;;;12.0
4;22;Directed;173;;;21.0
4;23;Directed;174;;;5.0
4;24;Directed;175;;;8.0
4;25;Directed;176;;;16.0
4;26;Directed;177;;;11.0
4;27;Directed;178;;;39.0
4;28;Directed;179;;;31.0
4;29;Directed;180;;;12.0
4;30;Directed;181;;;406.0
4;31;Directed;182;;;71.0
4;32;Directed;183;;;44.0
4;33;Directed;184;;;161.0
4;34;Directed;185;;;20.0
4;35;Directed;186;;;26.0
4;36;Directed;187;;;40.0
4;37;Directed;188;;;34.0
4;38;Directed;189;;;239.0
4;39;Directed;190;;;17.0
4;40;Directed;191;;;19.0
4;41;Directed;192;;;8.0
4;42;Directed;193;;;44.0
4;44;Directed;194;;;13.0
4;45;Directed;195;;;4.0
4;46;Directed;196;;;43.0
4;47;Directed;197;;;75.0
4;48;Directed;198;;;63.0
4;49;Directed;199;;;17.0
4;50;Directed;200;;;56.0
4;52;Directed;201;;;5.0
5;1;Directed;202;;;16.0
5;2;Directed;203;;;249.0
5;3;Directed;204;;;60.0
5;4;Directed;205;;;60.0
5;6;Directed;206;;;28.0
5;7;Directed;207;;;26.0
5;8;Directed;208;;;297.0
5;9;Directed;209;;;556.0
5;10;Directed;210;;;188.0
5;11;Directed;211;;;96.0
5;12;Directed;212;;;52.0
5;13;Directed;213;;;96.0
5;14;Directed;214;;;342.0
5;15;Directed;215;;;52.0
5;16;Directed;216;;;31.0
5;17;Directed;217;;;26.0
5;18;Directed;218;;;331.0
5;19;Directed;219;;;21.0
5;20;Directed;220;;;84.0
5;21;Directed;221;;;59.0
5;22;Directed;222;;;59.0
5;23;Directed;223;;;44.0
5;24;Directed;224;;;30.0
5;25;Directed;225;;;20.0
5;26;Directed;226;;;29.0
5;27;Directed;227;;;552.0
5;28;Directed;228;;;26.0
5;29;Directed;229;;;332.0
5;30;Directed;230;;;1925.0
5;31;Directed;231;;;176.0
5;32;Directed;232;;;101.0
5;33;Directed;233;;;120.0
5;34;Directed;234;;;67.0
5;35;Directed;235;;;47.0
5;36;Directed;236;;;245.0
5;37;Directed;237;;;183.0
5;38;Directed;238;;;52.0
5;39;Directed;239;;;95.0
5;40;Directed;240;;;205.0
5;41;Directed;241;;;30.0
5;42;Directed;242;;;99.0
5;43;Directed;243;;;14.0
5;44;Directed;244;;;76.0
5;45;Directed;245;;;16.0
5;46;Directed;246;;;104.0
5;47;Directed;247;;;202.0
5;48;Directed;248;;;149.0
5;49;Directed;249;;;59.0
5;50;Directed;250;;;111.0
5;51;Directed;251;;;14.0
5;52;Directed;252;;;13.0
6;1;Directed;253;;;12.0
6;2;Directed;254;;;73.0
6;3;Directed;255;;;18.0
6;4;Directed;256;;;13.0
6;5;Directed;257;;;39.0
6;7;Directed;258;;;9.0
6;8;Directed;259;;;32.0
6;9;Directed;260;;;69.0
6;10;Directed;261;;;29.0
6;11;Directed;262;;;29.0
6;12;Directed;263;;;60.0
6;13;Directed;264;;;19.0
6;14;Directed;265;;;30.0
6;15;Directed;266;;;12.0
6;16;Directed;267;;;18.0
6;17;Directed;268;;;12.0
6;18;Directed;269;;;19.0
6;19;Directed;270;;;14.0
6;20;Directed;271;;;24.0
6;21;Directed;272;;;10.0
6;22;Directed;273;;;21.0
6;23;Directed;274;;;23.0
6;24;Directed;275;;;12.0
6;25;Directed;276;;;6.0
6;26;Directed;277;;;9.0
6;27;Directed;278;;;36.0
6;28;Directed;279;;;12.0
6;29;Directed;280;;;12.0
6;30;Directed;281;;;1938.0
6;31;Directed;282;;;47.0
6;32;Directed;283;;;24.0
6;33;Directed;284;;;16.0
6;34;Directed;285;;;3.0
6;35;Directed;286;;;22.0
6;36;Directed;287;;;19.0
6;37;Directed;288;;;12.0
6;38;Directed;289;;;11.0
6;39;Directed;290;;;146.0
6;40;Directed;291;;;29.0
6;41;Directed;292;;;69.0
6;42;Directed;293;;;14.0
6;43;Directed;294;;;16.0
6;44;Directed;295;;;10.0
6;45;Directed;296;;;8.0
6;46;Directed;297;;;158.0
6;47;Directed;298;;;55.0
6;48;Directed;299;;;137.0
6;49;Directed;300;;;16.0
6;50;Directed;301;;;19.0
6;51;Directed;302;;;3.0
6;52;Directed;303;;;1.0
7;1;Directed;304;;;25.0
7;2;Directed;305;;;167.0
7;3;Directed;306;;;51.0
7;4;Directed;307;;;23.0
7;5;Directed;308;;;25.0
7;6;Directed;309;;;15.0
7;8;Directed;310;;;331.0
7;9;Directed;311;;;487.0
7;10;Directed;312;;;91.0
7;11;Directed;313;;;28.0
7;12;Directed;314;;;640.0
7;13;Directed;315;;;168.0
7;14;Directed;316;;;32.0
7;15;Directed;317;;;41.0
7;16;Directed;318;;;86.0
7;17;Directed;319;;;186.0
7;18;Directed;320;;;31.0
7;19;Directed;321;;;22.0
7;20;Directed;322;;;71.0
7;21;Directed;323;;;73.0
7;22;Directed;324;;;73.0
7;23;Directed;325;;;51.0
7;24;Directed;326;;;170.0
7;25;Directed;327;;;17.0
7;26;Directed;328;;;36.0
7;27;Directed;329;;;31.0
7;28;Directed;330;;;38.0
7;29;Directed;331;;;13.0
7;30;Directed;332;;;1597.0
7;31;Directed;333;;;235.0
7;32;Directed;334;;;81.0
7;33;Directed;335;;;52.0
7;34;Directed;336;;;9.0
7;35;Directed;337;;;7.0
7;36;Directed;338;;;139.0
7;37;Directed;339;;;43.0
7;38;Directed;340;;;33.0
7;39;Directed;341;;;70.0
7;40;Directed;342;;;113.0
7;41;Directed;343;;;18.0
7;42;Directed;344;;;628.0
7;43;Directed;345;;;9.0
7;44;Directed;346;;;58.0
7;45;Directed;347;;;4.0
7;46;Directed;348;;;184.0
7;47;Directed;349;;;127.0
7;48;Directed;350;;;52.0
7;49;Directed;351;;;12.0
7;50;Directed;352;;;97.0
7;51;Directed;353;;;20.0
7;52;Directed;354;;;12.0
8;1;Directed;355;;;116.0
8;2;Directed;356;;;637.0
8;3;Directed;357;;;196.0
8;4;Directed;358;;;31.0
8;5;Directed;359;;;260.0
8;6;Directed;360;;;16.0
8;7;Directed;361;;;169.0
8;9;Directed;362;;;2592.0
8;10;Directed;363;;;149.0
8;11;Directed;364;;;56.0
8;12;Directed;365;;;88.0
8;13;Directed;366;;;354.0
8;14;Directed;367;;;92.0
8;15;Directed;368;;;161.0
8;16;Directed;369;;;111.0
8;17;Directed;370;;;223.0
8;18;Directed;371;;;224.0
8;19;Directed;372;;;38.0
8;20;Directed;373;;;109.0
8;21;Directed;374;;;268.0
8;22;Directed;375;;;578.0
8;23;Directed;376;;;53.0
8;24;Directed;377;;;83.0
8;25;Directed;378;;;69.0
8;26;Directed;379;;;191.0
8;27;Directed;380;;;101.0
8;28;Directed;381;;;109.0
8;29;Directed;382;;;36.0
8;30;Directed;383;;;2164.0
8;31;Directed;384;;;505.0
8;32;Directed;385;;;341.0
8;33;Directed;386;;;110.0
8;34;Directed;387;;;50.0
8;35;Directed;388;;;20.0
8;36;Directed;389;;;414.0
8;37;Directed;390;;;210.0
8;38;Directed;391;;;41.0
8;39;Directed;392;;;75.0
8;40;Directed;393;;;341.0
8;41;Directed;394;;;25.0
8;42;Directed;395;;;492.0
8;43;Directed;396;;;15.0
8;44;Directed;397;;;205.0
8;45;Directed;398;;;30.0
8;46;Directed;399;;;89.0
8;47;Directed;400;;;1066.0
8;48;Directed;401;;;89.0
8;49;Directed;402;;;36.0
8;50;Directed;403;;;173.0
8;51;Directed;404;;;22.0
8;52;Directed;405;;;50.0
9;1;Directed;406;;;154.0
9;2;Directed;407;;;1149.0
9;3;Directed;408;;;850.0
9;4;Directed;409;;;221.0
9;5;Directed;410;;;333.0
9;6;Directed;411;;;55.0
9;7;Directed;412;;;406.0
9;8;Directed;413;;;2568.0
9;10;Directed;414;;;540.0
9;11;Directed;415;;;152.0
9;12;Directed;416;;;212.0
9;13;Directed;417;;;638.0
9;14;Directed;418;;;241.0
9;15;Directed;419;;;687.0
9;16;Directed;420;;;219.0
9;17;Directed;421;;;455.0
9;18;Directed;422;;;461.0
9;19;Directed;423;;;146.0
9;20;Directed;424;;;404.0
9;21;Directed;425;;;5704.0
9;22;Directed;426;;;784.0
9;23;Directed;427;;;122.0
9;24;Directed;428;;;232.0
9;25;Directed;429;;;472.0
9;26;Directed;430;;;313.0
9;27;Directed;431;;;290.0
9;28;Directed;432;;;2016.0
9;29;Directed;433;;;296.0
9;30;Directed;434;;;4368.0
9;31;Directed;435;;;1200.0
9;32;Directed;436;;;812.0
9;33;Directed;437;;;441.0
9;34;Directed;438;;;253.0
9;35;Directed;439;;;71.0
9;36;Directed;440;;;647.0
9;37;Directed;441;;;318.0
9;38;Directed;442;;;191.0
9;39;Directed;443;;;153.0
9;40;Directed;444;;;640.0
9;41;Directed;445;;;43.0
9;42;Directed;446;;;809.0
9;43;Directed;447;;;81.0
9;44;Directed;448;;;5646.0
9;45;Directed;449;;;240.0
9;46;Directed;450;;;219.0
9;47;Directed;451;;;1554.0
9;48;Directed;452;;;171.0
9;49;Directed;453;;;99.0
9;50;Directed;454;;;849.0
9;51;Directed;455;;;95.0
9;52;Directed;456;;;156.0
10;1;Directed;457;;;15.0
10;2;Directed;458;;;195.0
10;3;Directed;459;;;71.0
10;4;Directed;460;;;823.0
10;5;Directed;461;;;151.0
10;6;Directed;462;;;18.0
10;7;Directed;463;;;52.0
10;8;Directed;464;;;190.0
10;9;Directed;465;;;562.0
10;11;Directed;466;;;435.0
10;12;Directed;467;;;72.0
10;13;Directed;468;;;89.0
10;14;Directed;469;;;1148.0
10;15;Directed;470;;;52.0
10;16;Directed;471;;;29.0
10;17;Directed;472;;;24.0
10;18;Directed;473;;;156.0
10;19;Directed;474;;;3.0
10;20;Directed;475;;;904.0
10;21;Directed;476;;;35.0
10;22;Directed;477;;;40.0
10;23;Directed;478;;;14.0
10;24;Directed;479;;;20.0
10;25;Directed;480;;;30.0
10;26;Directed;481;;;24.0
10;27;Directed;482;;;113.0
10;28;Directed;483;;;29.0
10;29;Directed;484;;;78.0
10;30;Directed;485;;;1244.0
10;31;Directed;486;;;157.0
10;32;Directed;487;;;91.0
10;33;Directed;488;;;277.0
10;34;Directed;489;;;70.0
10;35;Directed;490;;;100.0
10;36;Directed;491;;;142.0
10;37;Directed;492;;;75.0
10;38;Directed;493;;;290.0
10;39;Directed;494;;;65.0
10;40;Directed;495;;;108.0
10;41;Directed;496;;;18.0
10;42;Directed;497;;;73.0
10;43;Directed;498;;;13.0
10;44;Directed;499;;;55.0
10;45;Directed;500;;;7.0
10;46;Directed;501;;;38.0
10;47;Directed;502;;;185.0
10;48;Directed;503;;;82.0
10;49;Directed;504;;;65.0
10;50;Directed;505;;;114.0
10;51;Directed;506;;;6.0
10;52;Directed;507;;;6.0
11;1;Directed;508;;;6.0
11;2;Directed;509;;;149.0
11;3;Directed;510;;;37.0
11;4;Directed;511;;;497.0
11;5;Directed;512;;;76.0
11;6;Directed;513;;;21.0
11;7;Directed;514;;;33.0
11;8;Directed;515;;;77.0
11;9;Directed;516;;;223.0
11;10;Directed;517;;;523.0
11;12;Directed;518;;;21.0
11;13;Directed;519;;;29.0
11;14;Directed;520;;;221.0
11;15;Directed;521;;;23.0
11;16;Directed;522;;;30.0
11;17;Directed;523;;;30.0
11;18;Directed;524;;;37.0
11;19;Directed;525;;;12.0
11;20;Directed;526;;;90.0
11;21;Directed;527;;;14.0
11;22;Directed;528;;;21.0
11;23;Directed;529;;;27.0
11;24;Directed;530;;;22.0
11;25;Directed;531;;;13.0
11;26;Directed;532;;;8.0
11;27;Directed;533;;;104.0
11;28;Directed;534;;;32.0
11;29;Directed;535;;;13.0
11;30;Directed;536;;;980.0
11;31;Directed;537;;;73.0
11;32;Directed;538;;;68.0
11;33;Directed;539;;;90.0
11;34;Directed;540;;;28.0
11;35;Directed;541;;;118.0
11;36;Directed;542;;;58.0
11;37;Directed;543;;;46.0
11;38;Directed;544;;;175.0
11;39;Directed;545;;;56.0
11;40;Directed;546;;;41.0
11;41;Directed;547;;;62.0
11;42;Directed;548;;;38.0
11;43;Directed;549;;;100.0
11;44;Directed;550;;;31.0
11;45;Directed;551;;;2.0
11;46;Directed;552;;;29.0
11;47;Directed;553;;;86.0
11;48;Directed;554;;;242.0
11;49;Directed;555;;;21.0
11;50;Directed;556;;;102.0
11;51;Directed;557;;;5.0
11;52;Directed;558;;;5.0
12;1;Directed;559;;;28.0
12;2;Directed;560;;;103.0
12;3;Directed;561;;;44.0
12;4;Directed;562;;;36.0
12;5;Directed;563;;;56.0
12;6;Directed;564;;;45.0
12;7;Directed;565;;;634.0
12;8;Directed;566;;;148.0
12;9;Directed;567;;;266.0
12;10;Directed;568;;;88.0
12;11;Directed;569;;;32.0
12;13;Directed;570;;;79.0
12;14;Directed;571;;;32.0
12;15;Directed;572;;;37.0
12;16;Directed;573;;;60.0
12;17;Directed;574;;;24.0
12;18;Directed;575;;;34.0
12;19;Directed;576;;;4.0
12;20;Directed;577;;;86.0
12;21;Directed;578;;;30.0
12;22;Directed;579;;;65.0
12;23;Directed;580;;;57.0
12;24;Directed;581;;;70.0
12;25;Directed;582;;;14.0
12;26;Directed;583;;;24.0
12;27;Directed;584;;;21.0
12;28;Directed;585;;;18.0
12;29;Directed;586;;;13.0
12;30;Directed;587;;;1753.0
12;31;Directed;588;;;87.0
12;32;Directed;589;;;90.0
12;33;Directed;590;;;71.0
12;34;Directed;591;;;17.0
12;35;Directed;592;;;12.0
12;36;Directed;593;;;53.0
12;37;Directed;594;;;32.0
12;38;Directed;595;;;34.0
12;39;Directed;596;;;290.0
12;40;Directed;597;;;68.0
12;41;Directed;598;;;17.0
12;42;Directed;599;;;124.0
12;43;Directed;600;;;9.0
12;44;Directed;601;;;45.0
12;45;Directed;602;;;6.0
12;46;Directed;603;;;285.0
12;47;Directed;604;;;106.0
12;48;Directed;605;;;48.0
12;49;Directed;606;;;19.0
12;50;Directed;607;;;49.0
12;51;Directed;608;;;6.0
12;52;Directed;609;;;1.0
13;1;Directed;610;;;27.0
13;2;Directed;611;;;205.0
13;3;Directed;612;;;195.0
13;4;Directed;613;;;55.0
13;5;Directed;614;;;88.0
13;6;Directed;615;;;17.0
13;7;Directed;616;;;162.0
13;8;Directed;617;;;777.0
13;9;Directed;618;;;745.0
13;10;Directed;619;;;119.0
13;11;Directed;620;;;51.0
13;12;Directed;621;;;48.0
13;14;Directed;622;;;61.0
13;15;Directed;623;;;71.0
13;16;Directed;624;;;40.0
13;17;Directed;625;;;255.0
13;18;Directed;626;;;279.0
13;19;Directed;627;;;21.0
13;20;Directed;628;;;89.0
13;21;Directed;629;;;111.0
13;22;Directed;630;;;371.0
13;23;Directed;631;;;60.0
13;24;Directed;632;;;289.0
13;25;Directed;633;;;34.0
13;26;Directed;634;;;149.0
13;27;Directed;635;;;39.0
13;28;Directed;636;;;31.0
13;29;Directed;637;;;20.0
13;30;Directed;638;;;2080.0
13;31;Directed;639;;;1672.0
13;32;Directed;640;;;322.0
13;33;Directed;641;;;90.0
13;34;Directed;642;;;13.0
13;35;Directed;643;;;15.0
13;36;Directed;644;;;573.0
13;37;Directed;645;;;88.0
13;38;Directed;646;;;32.0
13;39;Directed;647;;;22.0
13;40;Directed;648;;;266.0
13;41;Directed;649;;;14.0
13;42;Directed;650;;;1960.0
13;43;Directed;651;;;6.0
13;44;Directed;652;;;91.0
13;45;Directed;653;;;14.0
13;46;Directed;654;;;97.0
13;47;Directed;655;;;248.0
13;48;Directed;656;;;49.0
13;49;Directed;657;;;16.0
13;50;Directed;658;;;139.0
13;51;Directed;659;;;286.0
13;52;Directed;660;;;51.0
14;1;Directed;661;;;14.0
14;2;Directed;662;;;139.0
14;3;Directed;663;;;41.0
14;4;Directed;664;;;87.0
14;5;Directed;665;;;364.0
14;6;Directed;666;;;10.0
14;7;Directed;667;;;22.0
14;8;Directed;668;;;132.0
14;9;Directed;669;;;331.0
14;10;Directed;670;;;1296.0
14;11;Directed;671;;;159.0
14;12;Directed;672;;;25.0
14;13;Directed;673;;;63.0
14;15;Directed;674;;;39.0
14;16;Directed;675;;;27.0
14;17;Directed;676;;;26.0
14;18;Directed;677;;;110.0
14;19;Directed;678;;;11.0
14;20;Directed;679;;;115.0
14;21;Directed;680;;;40.0
14;22;Directed;681;;;26.0
14;23;Directed;682;;;30.0
14;24;Directed;683;;;15.0
14;25;Directed;684;;;14.0
14;26;Directed;685;;;14.0
14;27;Directed;686;;;77.0
14;28;Directed;687;;;16.0
14;29;Directed;688;;;25.0
14;30;Directed;689;;;1117.0
14;31;Directed;690;;;120.0
14;32;Directed;691;;;64.0
14;33;Directed;692;;;95.0
14;34;Directed;693;;;23.0
14;35;Directed;694;;;120.0
14;36;Directed;695;;;133.0
14;37;Directed;696;;;52.0
14;38;Directed;697;;;82.0
14;39;Directed;698;;;38.0
14;40;Directed;699;;;118.0
14;41;Directed;700;;;11.0
14;42;Directed;701;;;78.0
14;43;Directed;702;;;5.0
14;44;Directed;703;;;52.0
14;45;Directed;704;;;6.0
14;46;Directed;705;;;42.0
14;47;Directed;706;;;128.0
14;48;Directed;707;;;127.0
14;49;Directed;708;;;16.0
14;50;Directed;709;;;69.0
14;51;Directed;710;;;9.0
14;52;Directed;711;;;3.0
15;1;Directed;712;;;92.0
15;2;Directed;713;;;374.0
15;3;Directed;714;;;120.0
15;4;Directed;715;;;47.0
15;5;Directed;716;;;48.0
15;6;Directed;717;;;6.0
15;7;Directed;718;;;35.0
15;8;Directed;719;;;247.0
15;9;Directed;720;;;865.0
15;10;Directed;721;;;64.0
15;11;Directed;722;;;14.0
15;12;Directed;723;;;27.0
15;13;Directed;724;;;63.0
15;14;Directed;725;;;32.0
15;16;Directed;726;;;33.0
15;17;Directed;727;;;39.0
15;18;Directed;728;;;32.0
15;19;Directed;729;;;43.0
15;20;Directed;730;;;59.0
15;21;Directed;731;;;108.0
15;22;Directed;732;;;55.0
15;23;Directed;733;;;21.0
15;24;Directed;734;;;35.0
15;25;Directed;735;;;65.0
15;26;Directed;736;;;31.0
15;27;Directed;737;;;26.0
15;28;Directed;738;;;174.0
15;29;Directed;739;;;16.0
15;30;Directed;740;;;558.0
15;31;Directed;741;;;110.0
15;32;Directed;742;;;179.0
15;33;Directed;743;;;67.0
15;34;Directed;744;;;14.0
15;35;Directed;745;;;11.0
15;36;Directed;746;;;63.0
15;37;Directed;747;;;37.0
15;38;Directed;748;;;44.0
15;39;Directed;749;;;18.0
15;40;Directed;750;;;48.0
15;41;Directed;751;;;2.0
15;42;Directed;752;;;83.0
15;43;Directed;753;;;14.0
15;44;Directed;754;;;428.0
15;45;Directed;755;;;147.0
15;46;Directed;756;;;50.0
15;47;Directed;757;;;1992.0
15;48;Directed;758;;;29.0
15;49;Directed;759;;;12.0
15;50;Directed;760;;;217.0
15;51;Directed;761;;;17.0
15;52;Directed;762;;;5.0
16;1;Directed;763;;;206.0
16;2;Directed;764;;;472.0
16;3;Directed;765;;;119.0
16;4;Directed;766;;;28.0
16;5;Directed;767;;;59.0
16;6;Directed;768;;;23.0
16;7;Directed;769;;;81.0
16;8;Directed;770;;;163.0
16;9;Directed;771;;;304.0
16;10;Directed;772;;;50.0
16;11;Directed;773;;;25.0
16;12;Directed;774;;;44.0
16;13;Directed;775;;;84.0
16;14;Directed;776;;;18.0
16;15;Directed;777;;;63.0
16;17;Directed;778;;;162.0
16;18;Directed;779;;;42.0
16;19;Directed;780;;;119.0
16;20;Directed;781;;;32.0
16;21;Directed;782;;;46.0
16;22;Directed;783;;;126.0
16;23;Directed;784;;;99.0
16;24;Directed;785;;;53.0
16;25;Directed;786;;;16.0
16;26;Directed;787;;;119.0
16;27;Directed;788;;;25.0
16;28;Directed;789;;;31.0
16;29;Directed;790;;;9.0
16;30;Directed;791;;;2338.0
16;31;Directed;792;;;217.0
16;32;Directed;793;;;234.0
16;33;Directed;794;;;34.0
16;34;Directed;795;;;6.0
16;35;Directed;796;;;7.0
16;36;Directed;797;;;72.0
16;37;Directed;798;;;17.0
16;38;Directed;799;;;31.0
16;39;Directed;800;;;15.0
16;40;Directed;801;;;49.0
16;41;Directed;802;;;29.0
16;42;Directed;803;;;130.0
16;43;Directed;804;;;8.0
16;44;Directed;805;;;65.0
16;45;Directed;806;;;7.0
16;46;Directed;807;;;523.0
16;47;Directed;808;;;334.0
16;48;Directed;809;;;48.0
16;49;Directed;810;;;12.0
16;50;Directed;811;;;63.0
16;51;Directed;812;;;10.0
16;52;Directed;813;;;7.0
17;1;Directed;814;;;31.0
17;2;Directed;815;;;166.0
17;3;Directed;816;;;200.0
17;4;Directed;817;;;21.0
17;5;Directed;818;;;25.0
17;6;Directed;819;;;9.0
17;7;Directed;820;;;175.0
17;8;Directed;821;;;356.0
17;9;Directed;822;;;491.0
17;10;Directed;823;;;31.0
17;11;Directed;824;;;29.0
17;12;Directed;825;;;49.0
17;13;Directed;826;;;293.0
17;14;Directed;827;;;29.0
17;15;Directed;828;;;63.0
17;16;Directed;829;;;129.0
17;18;Directed;830;;;29.0
17;19;Directed;831;;;33.0
17;20;Directed;832;;;35.0
17;21;Directed;833;;;62.0
17;22;Directed;834;;;434.0
17;23;Directed;835;;;27.0
17;24;Directed;836;;;165.0
17;25;Directed;837;;;27.0
17;26;Directed;838;;;311.0
17;27;Directed;839;;;15.0
17;28;Directed;840;;;49.0
17;29;Directed;841;;;8.0
17;30;Directed;842;;;1140.0
17;31;Directed;843;;;1476.0
17;32;Directed;844;;;143.0
17;33;Directed;845;;;47.0
17;34;Directed;846;;;15.0
17;35;Directed;847;;;3.0
17;36;Directed;848;;;202.0
17;37;Directed;849;;;20.0
17;38;Directed;850;;;41.0
17;39;Directed;851;;;12.0
17;40;Directed;852;;;83.0
17;41;Directed;853;;;20.0
17;42;Directed;854;;;831.0
17;43;Directed;855;;;11.0
17;44;Directed;856;;;82.0
17;45;Directed;857;;;5.0
17;46;Directed;858;;;84.0
17;47;Directed;859;;;175.0
17;48;Directed;860;;;35.0
17;49;Directed;861;;;5.0
17;50;Directed;862;;;116.0
17;51;Directed;863;;;46.0
17;52;Directed;864;;;41.0
18;1;Directed;865;;;20.0
18;2;Directed;866;;;200.0
18;3;Directed;867;;;57.0
18;4;Directed;868;;;48.0
18;5;Directed;869;;;273.0
18;6;Directed;870;;;13.0
18;7;Directed;871;;;39.0
18;8;Directed;872;;;258.0
18;9;Directed;873;;;606.0
18;10;Directed;874;;;126.0
18;11;Directed;875;;;32.0
18;12;Directed;876;;;24.0
18;13;Directed;877;;;253.0
18;14;Directed;878;;;96.0
18;15;Directed;879;;;48.0
18;16;Directed;880;;;23.0
18;17;Directed;881;;;19.0
18;19;Directed;882;;;8.0
18;20;Directed;883;;;86.0
18;21;Directed;884;;;56.0
18;22;Directed;885;;;54.0
18;23;Directed;886;;;53.0
18;24;Directed;887;;;33.0
18;25;Directed;888;;;5.0
18;26;Directed;889;;;11.0
18;27;Directed;890;;;180.0
18;28;Directed;891;;;32.0
18;29;Directed;892;;;864.0
18;30;Directed;893;;;1632.0
18;31;Directed;894;;;136.0
18;32;Directed;895;;;234.0
18;33;Directed;896;;;57.0
18;34;Directed;897;;;378.0
18;35;Directed;898;;;19.0
18;36;Directed;899;;;465.0
18;37;Directed;900;;;1638.0
18;38;Directed;901;;;39.0
18;39;Directed;902;;;45.0
18;40;Directed;903;;;235.0
18;41;Directed;904;;;10.0
18;42;Directed;905;;;97.0
18;43;Directed;906;;;13.0
18;44;Directed;907;;;52.0
18;45;Directed;908;;;10.0
18;46;Directed;909;;;56.0
18;47;Directed;910;;;184.0
18;48;Directed;911;;;67.0
18;49;Directed;912;;;31.0
18;50;Directed;913;;;101.0
18;51;Directed;914;;;16.0
18;52;Directed;915;;;14.0
19;1;Directed;916;;;372.0
19;2;Directed;917;;;172.0
19;3;Directed;918;;;38.0
19;4;Directed;919;;;5.0
19;5;Directed;920;;;15.0
19;6;Directed;921;;;6.0
19;7;Directed;922;;;21.0
19;8;Directed;923;;;75.0
19;9;Directed;924;;;192.0
19;10;Directed;925;;;23.0
19;11;Directed;926;;;15.0
19;12;Directed;927;;;17.0
19;13;Directed;928;;;26.0
19;14;Directed;929;;;15.0
19;15;Directed;930;;;51.0
19;16;Directed;931;;;140.0
19;17;Directed;932;;;24.0
19;18;Directed;933;;;21.0
19;20;Directed;934;;;24.0
19;21;Directed;935;;;19.0
19;22;Directed;936;;;26.0
19;23;Directed;937;;;87.0
19;24;Directed;938;;;29.0
19;25;Directed;939;;;7.0
19;26;Directed;940;;;14.0
19;27;Directed;941;;;14.0
19;28;Directed;942;;;29.0
19;29;Directed;943;;;5.0
19;30;Directed;944;;;1321.0
19;31;Directed;945;;;48.0
19;32;Directed;946;;;149.0
19;33;Directed;947;;;17.0
19;34;Directed;948;;;8.0
19;35;Directed;949;;;6.0
19;36;Directed;950;;;21.0
19;37;Directed;951;;;7.0
19;38;Directed;952;;;12.0
19;39;Directed;953;;;10.0
19;40;Directed;954;;;17.0
19;41;Directed;955;;;17.0
19;42;Directed;956;;;29.0
19;43;Directed;957;;;3.0
19;44;Directed;958;;;32.0
19;45;Directed;959;;;17.0
19;46;Directed;960;;;182.0
19;47;Directed;961;;;730.0
19;48;Directed;962;;;19.0
19;49;Directed;963;;;5.0
19;50;Directed;964;;;54.0
19;51;Directed;965;;;2.0
19;52;Directed;966;;;1.0
20;1;Directed;967;;;17.0
20;2;Directed;968;;;144.0
20;3;Directed;969;;;35.0
20;4;Directed;970;;;423.0
20;5;Directed;971;;;58.0
20;6;Directed;972;;;9.0
20;7;Directed;973;;;56.0
20;8;Directed;974;;;91.0
20;9;Directed;975;;;397.0
20;10;Directed;976;;;910.0
20;11;Directed;977;;;78.0
20;12;Directed;978;;;51.0
20;13;Directed;979;;;65.0
20;14;Directed;980;;;84.0
20;15;Directed;981;;;38.0
20;16;Directed;982;;;18.0
20;17;Directed;983;;;28.0
20;18;Directed;984;;;82.0
20;19;Directed;985;;;8.0
20;21;Directed;986;;;51.0
20;22;Directed;987;;;42.0
20;23;Directed;988;;;14.0
20;24;Directed;989;;;30.0
20;25;Directed;990;;;35.0
20;26;Directed;991;;;32.0
20;27;Directed;992;;;26.0
20;28;Directed;993;;;25.0
20;29;Directed;994;;;18.0
20;30;Directed;995;;;666.0
20;31;Directed;996;;;107.0
20;32;Directed;997;;;46.0
20;33;Directed;998;;;624.0
20;34;Directed;999;;;44.0
20;35;Directed;1000;;;30.0
20;36;Directed;1001;;;93.0
20;37;Directed;1002;;;57.0
20;38;Directed;1003;;;129.0
20;39;Directed;1004;;;75.0
20;40;Directed;1005;;;58.0
20;41;Directed;1006;;;16.0
20;42;Directed;1007;;;54.0
20;43;Directed;1008;;;15.0
20;44;Directed;1009;;;43.0
20;45;Directed;1010;;;6.0
20;46;Directed;1011;;;27.0
20;47;Directed;1012;;;128.0
20;48;Directed;1013;;;45.0
20;49;Directed;1014;;;26.0
20;50;Directed;1015;;;108.0
20;51;Directed;1016;;;10.0
20;52;Directed;1017;;;9.0
21;1;Directed;1018;;;22.0
21;2;Directed;1019;;;173.0
21;3;Directed;1020;;;146.0
21;4;Directed;1021;;;11.0
21;5;Directed;1022;;;77.0
21;6;Directed;1023;;;13.0
21;7;Directed;1024;;;61.0
21;8;Directed;1025;;;254.0
21;9;Directed;1026;;;6034.0
21;10;Directed;1027;;;54.0
21;11;Directed;1028;;;17.0
21;12;Directed;1029;;;29.0
21;13;Directed;1030;;;104.0
21;14;Directed;1031;;;36.0
21;15;Directed;1032;;;99.0
21;16;Directed;1033;;;15.0
21;17;Directed;1034;;;45.0
21;18;Directed;1035;;;59.0
21;19;Directed;1036;;;13.0
21;20;Directed;1037;;;57.0
21;22;Directed;1038;;;135.0
21;23;Directed;1039;;;33.0
21;24;Directed;1040;;;38.0
21;25;Directed;1041;;;60.0
21;26;Directed;1042;;;82.0
21;27;Directed;1043;;;34.0
21;28;Directed;1044;;;304.0
21;29;Directed;1045;;;15.0
21;30;Directed;1046;;;418.0
21;31;Directed;1047;;;229.0
21;32;Directed;1048;;;134.0
21;33;Directed;1049;;;75.0
21;34;Directed;1050;;;28.0
21;35;Directed;1051;;;4.0
21;36;Directed;1052;;;137.0
21;37;Directed;1053;;;44.0
21;38;Directed;1054;;;23.0
21;39;Directed;1055;;;22.0
21;40;Directed;1056;;;129.0
21;41;Directed;1057;;;9.0
21;42;Directed;1058;;;97.0
21;43;Directed;1059;;;9.0
21;44;Directed;1060;;;345.0
21;45;Directed;1061;;;25.0
21;46;Directed;1062;;;47.0
21;47;Directed;1063;;;181.0
21;48;Directed;1064;;;17.0
21;49;Directed;1065;;;19.0
21;50;Directed;1066;;;117.0
21;51;Directed;1067;;;14.0
21;52;Directed;1068;;;76.0
22;1;Directed;1069;;;47.0
22;2;Directed;1070;;;362.0
22;3;Directed;1071;;;1562.0
22;4;Directed;1072;;;30.0
22;5;Directed;1073;;;63.0
22;6;Directed;1074;;;8.0
22;7;Directed;1075;;;58.0
22;8;Directed;1076;;;752.0
22;9;Directed;1077;;;858.0
22;10;Directed;1078;;;65.0
22;11;Directed;1079;;;26.0
22;12;Directed;1080;;;33.0
22;13;Directed;1081;;;315.0
22;14;Directed;1082;;;33.0
22;15;Directed;1083;;;39.0
22;16;Directed;1084;;;92.0
22;17;Directed;1085;;;267.0
22;18;Directed;1086;;;54.0
22;19;Directed;1087;;;22.0
22;20;Directed;1088;;;72.0
22;21;Directed;1089;;;138.0
22;23;Directed;1090;;;40.0
22;24;Directed;1091;;;132.0
22;25;Directed;1092;;;31.0
22;26;Directed;1093;;;563.0
22;27;Directed;1094;;;33.0
22;28;Directed;1095;;;59.0
22;29;Directed;1096;;;15.0
22;30;Directed;1097;;;1433.0
22;31;Directed;1098;;;1806.0
22;32;Directed;1099;;;579.0
22;33;Directed;1100;;;57.0
22;34;Directed;1101;;;11.0
22;35;Directed;1102;;;5.0
22;36;Directed;1103;;;203.0
22;37;Directed;1104;;;40.0
22;38;Directed;1105;;;39.0
22;39;Directed;1106;;;19.0
22;40;Directed;1107;;;140.0
22;41;Directed;1108;;;10.0
22;42;Directed;1109;;;430.0
22;43;Directed;1110;;;8.0
22;44;Directed;1111;;;109.0
22;45;Directed;1112;;;6.0
22;46;Directed;1113;;;80.0
22;47;Directed;1114;;;225.0
22;48;Directed;1115;;;23.0
22;49;Directed;1116;;;5.0
22;50;Directed;1117;;;102.0
22;51;Directed;1118;;;74.0
22;52;Directed;1119;;;134.0
23;1;Directed;1120;;;21.0
23;2;Directed;1121;;;146.0
23;3;Directed;1122;;;39.0
23;4;Directed;1123;;;24.0
23;5;Directed;1124;;;44.0
23;6;Directed;1125;;;23.0
23;7;Directed;1126;;;34.0
23;8;Directed;1127;;;46.0
23;9;Directed;1128;;;166.0
23;10;Directed;1129;;;34.0
23;11;Directed;1130;;;20.0
23;12;Directed;1131;;;45.0
23;13;Directed;1132;;;37.0
23;14;Directed;1133;;;35.0
23;15;Directed;1134;;;33.0
23;16;Directed;1135;;;58.0
23;17;Directed;1136;;;21.0
23;18;Directed;1137;;;33.0
23;19;Directed;1138;;;63.0
23;20;Directed;1139;;;26.0
23;21;Directed;1140;;;23.0
23;22;Directed;1141;;;25.0
23;24;Directed;1142;;;26.0
23;25;Directed;1143;;;17.0
23;26;Directed;1144;;;26.0
23;27;Directed;1145;;;21.0
23;28;Directed;1146;;;17.0
23;29;Directed;1147;;;4.0
23;30;Directed;1148;;;4055.0
23;31;Directed;1149;;;68.0
23;32;Directed;1150;;;73.0
23;33;Directed;1151;;;29.0
23;34;Directed;1152;;;15.0
23;35;Directed;1153;;;12.0
23;36;Directed;1154;;;61.0
23;37;Directed;1155;;;21.0
23;38;Directed;1156;;;14.0
23;39;Directed;1157;;;25.0
23;40;Directed;1158;;;28.0
23;41;Directed;1159;;;13.0
23;42;Directed;1160;;;36.0
23;43;Directed;1161;;;29.0
23;44;Directed;1162;;;22.0
23;45;Directed;1163;;;22.0
23;46;Directed;1164;;;161.0
23;47;Directed;1165;;;118.0
23;48;Directed;1166;;;23.0
23;49;Directed;1167;;;13.0
23;50;Directed;1168;;;107.0
23;51;Directed;1169;;;3.0
23;52;Directed;1170;;;3.0
24;1;Directed;1171;;;52.0
24;2;Directed;1172;;;90.0
24;3;Directed;1173;;;116.0
24;4;Directed;1174;;;25.0
24;5;Directed;1175;;;33.0
24;6;Directed;1176;;;3.0
24;7;Directed;1177;;;181.0
24;8;Directed;1178;;;155.0
24;9;Directed;1179;;;314.0
24;10;Directed;1180;;;33.0
24;11;Directed;1181;;;15.0
24;12;Directed;1182;;;50.0
24;13;Directed;1183;;;293.0
24;14;Directed;1184;;;24.0
24;15;Directed;1185;;;36.0
24;16;Directed;1186;;;45.0
24;17;Directed;1187;;;140.0
24;18;Directed;1188;;;22.0
24;19;Directed;1189;;;8.0
24;20;Directed;1190;;;35.0
24;21;Directed;1191;;;57.0
24;22;Directed;1192;;;151.0
24;23;Directed;1193;;;13.0
24;25;Directed;1194;;;28.0
24;26;Directed;1195;;;50.0
24;27;Directed;1196;;;13.0
24;28;Directed;1197;;;97.0
24;29;Directed;1198;;;9.0
24;30;Directed;1199;;;598.0
24;31;Directed;1200;;;319.0
24;32;Directed;1201;;;101.0
24;33;Directed;1202;;;30.0
24;34;Directed;1203;;;14.0
24;35;Directed;1204;;;4.0
24;36;Directed;1205;;;120.0
24;37;Directed;1206;;;30.0
24;38;Directed;1207;;;22.0
24;39;Directed;1208;;;19.0
24;40;Directed;1209;;;71.0
24;41;Directed;1210;;;28.0
24;42;Directed;1211;;;1724.0
24;43;Directed;1212;;;5.0
24;44;Directed;1213;;;66.0
24;45;Directed;1214;;;3.0
24;46;Directed;1215;;;48.0
24;47;Directed;1216;;;93.0
24;48;Directed;1217;;;37.0
24;49;Directed;1218;;;5.0
24;50;Directed;1219;;;66.0
24;51;Directed;1220;;;13.0
24;52;Directed;1221;;;12.0
25;1;Directed;1222;;;5.0
25;2;Directed;1223;;;81.0
25;3;Directed;1224;;;51.0
25;4;Directed;1225;;;20.0
25;5;Directed;1226;;;40.0
25;6;Directed;1227;;;11.0
25;7;Directed;1228;;;12.0
25;8;Directed;1229;;;55.0
25;9;Directed;1230;;;544.0
25;10;Directed;1231;;;28.0
25;11;Directed;1232;;;26.0
25;12;Directed;1233;;;6.0
25;13;Directed;1234;;;27.0
25;14;Directed;1235;;;25.0
25;15;Directed;1236;;;65.0
25;16;Directed;1237;;;8.0
25;17;Directed;1238;;;12.0
25;18;Directed;1239;;;5.0
25;19;Directed;1240;;;15.0
25;20;Directed;1241;;;38.0
25;21;Directed;1242;;;63.0
25;22;Directed;1243;;;26.0
25;23;Directed;1244;;;11.0
25;24;Directed;1245;;;27.0
25;26;Directed;1246;;;12.0
25;27;Directed;1247;;;16.0
25;28;Directed;1248;;;430.0
25;29;Directed;1249;;;5.0
25;30;Directed;1250;;;265.0
25;31;Directed;1251;;;24.0
25;32;Directed;1252;;;50.0
25;33;Directed;1253;;;107.0
25;34;Directed;1254;;;8.0
25;35;Directed;1255;;;4.0
25;36;Directed;1256;;;26.0
25;37;Directed;1257;;;16.0
25;38;Directed;1258;;;35.0
25;39;Directed;1259;;;5.0
25;40;Directed;1260;;;29.0
25;41;Directed;1261;;;6.0
25;42;Directed;1262;;;22.0
25;43;Directed;1263;;;5.0
25;44;Directed;1264;;;129.0
25;45;Directed;1265;;;34.0
25;46;Directed;1266;;;26.0
25;47;Directed;1267;;;111.0
25;48;Directed;1268;;;8.0
25;49;Directed;1269;;;5.0
25;50;Directed;1270;;;939.0
25;51;Directed;1271;;;1.0
25;52;Directed;1272;;;1.0
26;1;Directed;1273;;;85.0
26;2;Directed;1274;;;298.0
26;3;Directed;1275;;;488.0
26;4;Directed;1276;;;27.0
26;5;Directed;1277;;;31.0
26;6;Directed;1278;;;11.0
26;7;Directed;1279;;;48.0
26;8;Directed;1280;;;397.0
26;9;Directed;1281;;;485.0
26;10;Directed;1282;;;56.0
26;11;Directed;1283;;;24.0
26;12;Directed;1284;;;31.0
26;13;Directed;1285;;;217.0
26;14;Directed;1286;;;20.0
26;15;Directed;1287;;;56.0
26;16;Directed;1288;;;162.0
26;17;Directed;1289;;;420.0
26;18;Directed;1290;;;32.0
26;19;Directed;1291;;;23.0
26;20;Directed;1292;;;40.0
26;21;Directed;1293;;;128.0
26;22;Directed;1294;;;982.0
26;23;Directed;1295;;;27.0
26;24;Directed;1296;;;138.0
26;25;Directed;1297;;;25.0
26;27;Directed;1298;;;11.0
26;28;Directed;1299;;;122.0
26;29;Directed;1300;;;8.0
26;30;Directed;1301;;;1155.0
26;31;Directed;1302;;;1006.0
26;32;Directed;1303;;;317.0
26;33;Directed;1304;;;104.0
26;34;Directed;1305;;;12.0
26;35;Directed;1306;;;8.0
26;36;Directed;1307;;;108.0
26;37;Directed;1308;;;21.0
26;38;Directed;1309;;;31.0
26;39;Directed;1310;;;17.0
26;40;Directed;1311;;;60.0
26;41;Directed;1312;;;10.0
26;42;Directed;1313;;;379.0
26;43;Directed;1314;;;17.0
26;44;Directed;1315;;;123.0
26;45;Directed;1316;;;17.0
26;46;Directed;1317;;;83.0
26;47;Directed;1318;;;255.0
26;48;Directed;1319;;;32.0
26;49;Directed;1320;;;4.0
26;50;Directed;1321;;;85.0
26;51;Directed;1322;;;42.0
26;52;Directed;1323;;;38.0
27;1;Directed;1324;;;27.0
27;2;Directed;1325;;;165.0
27;3;Directed;1326;;;25.0
27;4;Directed;1327;;;47.0
27;5;Directed;1328;;;729.0
27;6;Directed;1329;;;34.0
27;7;Directed;1330;;;35.0
27;8;Directed;1331;;;143.0
27;9;Directed;1332;;;319.0
27;10;Directed;1333;;;115.0
27;11;Directed;1334;;;104.0
27;12;Directed;1335;;;21.0
27;13;Directed;1336;;;33.0
27;14;Directed;1337;;;138.0
27;15;Directed;1338;;;59.0
27;16;Directed;1339;;;8.0
27;17;Directed;1340;;;19.0
27;18;Directed;1341;;;213.0
27;19;Directed;1342;;;14.0
27;20;Directed;1343;;;49.0
27;21;Directed;1344;;;42.0
27;22;Directed;1345;;;52.0
27;23;Directed;1346;;;32.0
27;24;Directed;1347;;;16.0
27;25;Directed;1348;;;21.0
27;26;Directed;1349;;;10.0
27;28;Directed;1350;;;15.0
27;29;Directed;1351;;;122.0
27;30;Directed;1352;;;1344.0
27;31;Directed;1353;;;99.0
27;32;Directed;1354;;;69.0
27;33;Directed;1355;;;60.0
27;34;Directed;1356;;;163.0
27;35;Directed;1357;;;117.0
27;36;Directed;1358;;;105.0
27;37;Directed;1359;;;159.0
27;38;Directed;1360;;;51.0
27;39;Directed;1361;;;120.0
27;40;Directed;1362;;;113.0
27;41;Directed;1363;;;39.0
27;42;Directed;1364;;;91.0
27;43;Directed;1365;;;11.0
27;44;Directed;1366;;;44.0
27;45;Directed;1367;;;9.0
27;46;Directed;1368;;;75.0
27;47;Directed;1369;;;155.0
27;48;Directed;1370;;;307.0
27;49;Directed;1371;;;142.0
27;50;Directed;1372;;;138.0
27;51;Directed;1373;;;5.0
27;52;Directed;1374;;;9.0
28;1;Directed;1375;;;11.0
28;2;Directed;1376;;;120.0
28;3;Directed;1377;;;101.0
28;4;Directed;1378;;;48.0
28;5;Directed;1379;;;42.0
28;6;Directed;1380;;;6.0
28;7;Directed;1381;;;17.0
28;8;Directed;1382;;;157.0
28;9;Directed;1383;;;2559.0
28;10;Directed;1384;;;44.0
28;11;Directed;1385;;;32.0
28;12;Directed;1386;;;9.0
28;13;Directed;1387;;;35.0
28;14;Directed;1388;;;10.0
28;15;Directed;1389;;;118.0
28;16;Directed;1390;;;9.0
28;17;Directed;1391;;;19.0
28;18;Directed;1392;;;24.0
28;19;Directed;1393;;;18.0
28;20;Directed;1394;;;50.0
28;21;Directed;1395;;;301.0
28;22;Directed;1396;;;59.0
28;23;Directed;1397;;;17.0
28;24;Directed;1398;;;83.0
28;25;Directed;1399;;;338.0
28;26;Directed;1400;;;43.0
28;27;Directed;1401;;;28.0
28;29;Directed;1402;;;17.0
28;30;Directed;1403;;;272.0
28;31;Directed;1404;;;88.0
28;32;Directed;1405;;;131.0
28;33;Directed;1406;;;89.0
28;34;Directed;1407;;;10.0
28;35;Directed;1408;;;2.0
28;36;Directed;1409;;;42.0
28;37;Directed;1410;;;45.0
28;38;Directed;1411;;;23.0
28;39;Directed;1412;;;13.0
28;40;Directed;1413;;;33.0
28;41;Directed;1414;;;7.0
28;42;Directed;1415;;;40.0
28;43;Directed;1416;;;7.0
28;44;Directed;1417;;;713.0
28;45;Directed;1418;;;30.0
28;46;Directed;1419;;;21.0
28;47;Directed;1420;;;228.0
28;48;Directed;1421;;;20.0
28;49;Directed;1422;;;6.0
28;50;Directed;1423;;;242.0
28;51;Directed;1424;;;12.0
28;52;Directed;1425;;;35.0
29;1;Directed;1426;;;4.0
29;2;Directed;1427;;;54.0
29;3;Directed;1428;;;13.0
29;4;Directed;1429;;;16.0
29;5;Directed;1430;;;244.0
29;6;Directed;1431;;;6.0
29;7;Directed;1432;;;15.0
29;8;Directed;1433;;;43.0
29;9;Directed;1434;;;236.0
29;10;Directed;1435;;;51.0
29;11;Directed;1436;;;14.0
29;12;Directed;1437;;;6.0
29;13;Directed;1438;;;32.0
29;14;Directed;1439;;;34.0
29;15;Directed;1440;;;15.0
29;16;Directed;1441;;;1.0
29;17;Directed;1442;;;10.0
29;18;Directed;1443;;;1098.0
29;19;Directed;1444;;;5.0
29;20;Directed;1445;;;25.0
29;21;Directed;1446;;;16.0
29;22;Directed;1447;;;13.0
29;23;Directed;1448;;;15.0
29;24;Directed;1449;;;7.0
29;25;Directed;1450;;;5.0
29;26;Directed;1451;;;6.0
29;27;Directed;1452;;;91.0
29;28;Directed;1453;;;7.0
29;30;Directed;1454;;;392.0
29;31;Directed;1455;;;27.0
29;32;Directed;1456;;;27.0
29;33;Directed;1457;;;17.0
29;34;Directed;1458;;;252.0
29;35;Directed;1459;;;11.0
29;36;Directed;1460;;;61.0
29;37;Directed;1461;;;426.0
29;38;Directed;1462;;;20.0
29;39;Directed;1463;;;1.0
29;40;Directed;1464;;;25.0
29;41;Directed;1465;;;6.0
29;42;Directed;1466;;;25.0
29;43;Directed;1467;;;2.0
29;44;Directed;1468;;;42.0
29;45;Directed;1469;;;2.0
29;46;Directed;1470;;;12.0
29;47;Directed;1471;;;39.0
29;48;Directed;1472;;;31.0
29;49;Directed;1473;;;6.0
29;50;Directed;1474;;;26.0
29;51;Directed;1475;;;1.0
29;52;Directed;1476;;;1.0
30;1;Directed;1477;;;347.0
30;2;Directed;1478;;;2979.0
30;3;Directed;1479;;;787.0
30;4;Directed;1480;;;327.0
30;5;Directed;1481;;;1233.0
30;6;Directed;1482;;;1202.0
30;7;Directed;1483;;;875.0
30;8;Directed;1484;;;2203.0
30;9;Directed;1485;;;4198.0
30;10;Directed;1486;;;806.0
30;11;Directed;1487;;;495.0
30;12;Directed;1488;;;1073.0
30;13;Directed;1489;;;1296.0
30;14;Directed;1490;;;737.0
30;15;Directed;1491;;;435.0
30;16;Directed;1492;;;1137.0
30;17;Directed;1493;;;503.0
30;18;Directed;1494;;;1075.0
30;19;Directed;1495;;;648.0
30;20;Directed;1496;;;597.0
30;21;Directed;1497;;;345.0
30;22;Directed;1498;;;856.0
30;23;Directed;1499;;;3658.0
30;24;Directed;1500;;;386.0
30;25;Directed;1501;;;215.0
30;26;Directed;1502;;;460.0
30;27;Directed;1503;;;675.0
30;28;Directed;1504;;;242.0
30;29;Directed;1505;;;310.0
30;31;Directed;1506;;;2428.0
30;32;Directed;1507;;;1496.0
30;33;Directed;1508;;;583.0
30;34;Directed;1509;;;311.0
30;35;Directed;1510;;;176.0
30;36;Directed;1511;;;1430.0
30;37;Directed;1512;;;773.0
30;38;Directed;1513;;;367.0
30;39;Directed;1514;;;653.0
30;40;Directed;1515;;;1076.0
30;41;Directed;1516;;;861.0
30;42;Directed;1517;;;1388.0
30;43;Directed;1518;;;185.0
30;44;Directed;1519;;;375.0
30;45;Directed;1520;;;79.0
30;46;Directed;1521;;;8023.0
30;47;Directed;1522;;;2436.0
30;48;Directed;1523;;;744.0
30;49;Directed;1524;;;337.0
30;50;Directed;1525;;;963.0
30;51;Directed;1526;;;156.0
30;52;Directed;1527;;;138.0
31;1;Directed;1528;;;34.0
31;2;Directed;1529;;;431.0
31;3;Directed;1530;;;655.0
31;4;Directed;1531;;;55.0
31;5;Directed;1532;;;126.0
31;6;Directed;1533;;;22.0
31;7;Directed;1534;;;139.0
31;8;Directed;1535;;;581.0
31;9;Directed;1536;;;1128.0
31;10;Directed;1537;;;162.0
31;11;Directed;1538;;;50.0
31;12;Directed;1539;;;45.0
31;13;Directed;1540;;;1408.0
31;14;Directed;1541;;;60.0
31;15;Directed;1542;;;52.0
31;16;Directed;1543;;;98.0
31;17;Directed;1544;;;706.0
31;18;Directed;1545;;;81.0
31;19;Directed;1546;;;25.0
31;20;Directed;1547;;;115.0
31;21;Directed;1548;;;189.0
31;22;Directed;1549;;;1134.0
31;23;Directed;1550;;;83.0
31;24;Directed;1551;;;175.0
31;25;Directed;1552;;;27.0
31;26;Directed;1553;;;336.0
31;27;Directed;1554;;;64.0
31;28;Directed;1555;;;68.0
31;29;Directed;1556;;;30.0
31;30;Directed;1557;;;2912.0
31;32;Directed;1558;;;336.0
31;33;Directed;1559;;;154.0
31;34;Directed;1560;;;25.0
31;35;Directed;1561;;;15.0
31;36;Directed;1562;;;424.0
31;37;Directed;1563;;;79.0
31;38;Directed;1564;;;52.0
31;39;Directed;1565;;;60.0
31;40;Directed;1566;;;278.0
31;41;Directed;1567;;;23.0
31;42;Directed;1568;;;1032.0
31;43;Directed;1569;;;15.0
31;44;Directed;1570;;;106.0
31;45;Directed;1571;;;17.0
31;46;Directed;1572;;;129.0
31;47;Directed;1573;;;348.0
31;48;Directed;1574;;;77.0
31;49;Directed;1575;;;9.0
31;50;Directed;1576;;;155.0
31;51;Directed;1577;;;277.0
31;52;Directed;1578;;;229.0
32;1;Directed;1579;;;447.0
32;2;Directed;1580;;;2876.0
32;3;Directed;1581;;;859.0
32;4;Directed;1582;;;126.0
32;5;Directed;1583;;;101.0
32;6;Directed;1584;;;24.0
32;7;Directed;1585;;;50.0
32;8;Directed;1586;;;452.0
32;9;Directed;1587;;;949.0
32;10;Directed;1588;;;167.0
32;11;Directed;1589;;;67.0
32;12;Directed;1590;;;61.0
32;13;Directed;1591;;;319.0
32;14;Directed;1592;;;55.0
32;15;Directed;1593;;;136.0
32;16;Directed;1594;;;110.0
32;17;Directed;1595;;;88.0
32;18;Directed;1596;;;148.0
32;19;Directed;1597;;;110.0
32;20;Directed;1598;;;153.0
32;21;Directed;1599;;;168.0
32;22;Directed;1600;;;496.0
32;23;Directed;1601;;;60.0
32;24;Directed;1602;;;82.0
32;25;Directed;1603;;;31.0
32;26;Directed;1604;;;120.0
32;27;Directed;1605;;;82.0
32;28;Directed;1606;;;119.0
32;29;Directed;1607;;;23.0
32;30;Directed;1608;;;2204.0
32;31;Directed;1609;;;301.0
32;33;Directed;1610;;;254.0
32;34;Directed;1611;;;17.0
32;35;Directed;1612;;;12.0
32;36;Directed;1613;;;226.0
32;37;Directed;1614;;;83.0
32;38;Directed;1615;;;65.0
32;39;Directed;1616;;;28.0
32;40;Directed;1617;;;124.0
32;41;Directed;1618;;;29.0
32;42;Directed;1619;;;206.0
32;43;Directed;1620;;;19.0
32;44;Directed;1621;;;174.0
32;45;Directed;1622;;;20.0
32;46;Directed;1623;;;125.0
32;47;Directed;1624;;;736.0
32;48;Directed;1625;;;55.0
32;49;Directed;1626;;;11.0
32;50;Directed;1627;;;168.0
32;51;Directed;1628;;;30.0
32;52;Directed;1629;;;70.0
33;1;Directed;1630;;;19.0
33;2;Directed;1631;;;145.0
33;3;Directed;1632;;;56.0
33;4;Directed;1633;;;149.0
33;5;Directed;1634;;;102.0
33;6;Directed;1635;;;3.0
33;7;Directed;1636;;;38.0
33;8;Directed;1637;;;79.0
33;9;Directed;1638;;;427.0
33;10;Directed;1639;;;253.0
33;11;Directed;1640;;;69.0
33;12;Directed;1641;;;32.0
33;13;Directed;1642;;;78.0
33;14;Directed;1643;;;75.0
33;15;Directed;1644;;;24.0
33;16;Directed;1645;;;26.0
33;17;Directed;1646;;;24.0
33;18;Directed;1647;;;57.0
33;19;Directed;1648;;;8.0
33;20;Directed;1649;;;591.0
33;21;Directed;1650;;;45.0
33;22;Directed;1651;;;57.0
33;23;Directed;1652;;;19.0
33;24;Directed;1653;;;24.0
33;25;Directed;1654;;;47.0
33;26;Directed;1655;;;67.0
33;27;Directed;1656;;;52.0
33;28;Directed;1657;;;48.0
33;29;Directed;1658;;;24.0
33;30;Directed;1659;;;848.0
33;31;Directed;1660;;;149.0
33;32;Directed;1661;;;98.0
33;34;Directed;1662;;;21.0
33;35;Directed;1663;;;17.0
33;36;Directed;1664;;;109.0
33;37;Directed;1665;;;52.0
33;38;Directed;1666;;;512.0
33;39;Directed;1667;;;42.0
33;40;Directed;1668;;;59.0
33;41;Directed;1669;;;9.0
33;42;Directed;1670;;;62.0
33;43;Directed;1671;;;35.0
33;44;Directed;1672;;;56.0
33;45;Directed;1673;;;10.0
33;46;Directed;1674;;;28.0
33;47;Directed;1675;;;165.0
33;48;Directed;1676;;;36.0
33;49;Directed;1677;;;12.0
33;50;Directed;1678;;;411.0
33;51;Directed;1679;;;8.0
33;52;Directed;1680;;;15.0
34;1;Directed;1681;;;8.0
34;2;Directed;1682;;;60.0
34;3;Directed;1683;;;12.0
34;4;Directed;1684;;;26.0
34;5;Directed;1685;;;84.0
34;6;Directed;1686;;;6.0
34;7;Directed;1687;;;6.0
34;8;Directed;1688;;;85.0
34;9;Directed;1689;;;249.0
34;10;Directed;1690;;;81.0
34;11;Directed;1691;;;18.0
34;12;Directed;1692;;;6.0
34;13;Directed;1693;;;21.0
34;14;Directed;1694;;;25.0
34;15;Directed;1695;;;24.0
34;16;Directed;1696;;;5.0
34;17;Directed;1697;;;10.0
34;18;Directed;1698;;;520.0
34;19;Directed;1699;;;4.0
34;20;Directed;1700;;;39.0
34;21;Directed;1701;;;24.0
34;22;Directed;1702;;;14.0
34;23;Directed;1703;;;12.0
34;24;Directed;1704;;;23.0
34;25;Directed;1705;;;5.0
34;26;Directed;1706;;;9.0
34;27;Directed;1707;;;131.0
34;28;Directed;1708;;;15.0
34;29;Directed;1709;;;260.0
34;30;Directed;1710;;;483.0
34;31;Directed;1711;;;52.0
34;32;Directed;1712;;;32.0
34;33;Directed;1713;;;27.0
34;35;Directed;1714;;;12.0
34;36;Directed;1715;;;90.0
34;37;Directed;1716;;;952.0
34;38;Directed;1717;;;21.0
34;39;Directed;1718;;;13.0
34;40;Directed;1719;;;58.0
34;41;Directed;1720;;;7.0
34;42;Directed;1721;;;28.0
34;43;Directed;1722;;;1.0
34;44;Directed;1723;;;25.0
34;45;Directed;1724;;;4.0
34;46;Directed;1725;;;29.0
34;47;Directed;1726;;;59.0
34;48;Directed;1727;;;29.0
34;49;Directed;1728;;;27.0
34;50;Directed;1729;;;35.0
34;52;Directed;1730;;;5.0
35;1;Directed;1731;;;1.0
35;2;Directed;1732;;;48.0
35;3;Directed;1733;;;17.0
35;4;Directed;1734;;;37.0
35;5;Directed;1735;;;64.0
35;6;Directed;1736;;;9.0
35;7;Directed;1737;;;11.0
35;8;Directed;1738;;;34.0
35;9;Directed;1739;;;78.0
35;10;Directed;1740;;;96.0
35;11;Directed;1741;;;164.0
35;12;Directed;1742;;;4.0
35;13;Directed;1743;;;5.0
35;14;Directed;1744;;;160.0
35;15;Directed;1745;;;11.0
35;16;Directed;1746;;;9.0
35;17;Directed;1747;;;2.0
35;18;Directed;1748;;;24.0
35;19;Directed;1749;;;7.0
35;20;Directed;1750;;;33.0
35;21;Directed;1751;;;9.0
35;22;Directed;1752;;;6.0
35;23;Directed;1753;;;16.0
35;25;Directed;1754;;;11.0
35;27;Directed;1755;;;117.0
35;28;Directed;1756;;;9.0
35;29;Directed;1757;;;10.0
35;30;Directed;1758;;;356.0
35;31;Directed;1759;;;22.0
35;32;Directed;1760;;;21.0
35;33;Directed;1761;;;25.0
35;34;Directed;1762;;;11.0
35;36;Directed;1763;;;21.0
35;37;Directed;1764;;;25.0
35;38;Directed;1765;;;26.0
35;39;Directed;1766;;;27.0
35;40;Directed;1767;;;26.0
35;41;Directed;1768;;;25.0
35;42;Directed;1769;;;18.0
35;43;Directed;1770;;;14.0
35;44;Directed;1771;;;11.0
35;45;Directed;1772;;;3.0
35;46;Directed;1773;;;17.0
35;47;Directed;1774;;;40.0
35;48;Directed;1775;;;350.0
35;49;Directed;1776;;;31.0
35;50;Directed;1777;;;30.0
35;52;Directed;1778;;;9.0
36;1;Directed;1779;;;55.0
36;2;Directed;1780;;;324.0
36;3;Directed;1781;;;143.0
36;4;Directed;1782;;;67.0
36;5;Directed;1783;;;214.0
36;6;Directed;1784;;;16.0
36;7;Directed;1785;;;104.0
36;8;Directed;1786;;;423.0
36;9;Directed;1787;;;775.0
36;10;Directed;1788;;;162.0
36;11;Directed;1789;;;40.0
36;12;Directed;1790;;;50.0
36;13;Directed;1791;;;414.0
36;14;Directed;1792;;;96.0
36;15;Directed;1793;;;57.0
36;16;Directed;1794;;;46.0
36;17;Directed;1795;;;109.0
36;18;Directed;1796;;;399.0
36;19;Directed;1797;;;25.0
36;20;Directed;1798;;;111.0
36;21;Directed;1799;;;112.0
36;22;Directed;1800;;;208.0
36;23;Directed;1801;;;45.0
36;24;Directed;1802;;;87.0
36;25;Directed;1803;;;30.0
36;26;Directed;1804;;;91.0
36;27;Directed;1805;;;103.0
36;28;Directed;1806;;;54.0
36;29;Directed;1807;;;67.0
36;30;Directed;1808;;;1767.0
36;31;Directed;1809;;;460.0
36;32;Directed;1810;;;186.0
36;33;Directed;1811;;;90.0
36;34;Directed;1812;;;57.0
36;35;Directed;1813;;;22.0
36;37;Directed;1814;;;359.0
36;38;Directed;1815;;;41.0
36;39;Directed;1816;;;70.0
36;40;Directed;1817;;;1638.0
36;41;Directed;1818;;;22.0
36;42;Directed;1819;;;417.0
36;43;Directed;1820;;;10.0
36;44;Directed;1821;;;64.0
36;45;Directed;1822;;;15.0
36;46;Directed;1823;;;119.0
36;47;Directed;1824;;;334.0
36;48;Directed;1825;;;83.0
36;49;Directed;1826;;;19.0
36;50;Directed;1827;;;174.0
36;51;Directed;1828;;;22.0
36;52;Directed;1829;;;145.0
37;1;Directed;1830;;;17.0
37;2;Directed;1831;;;118.0
37;3;Directed;1832;;;49.0
37;4;Directed;1833;;;27.0
37;5;Directed;1834;;;148.0
37;6;Directed;1835;;;3.0
37;7;Directed;1836;;;11.0
37;8;Directed;1837;;;266.0
37;9;Directed;1838;;;466.0
37;10;Directed;1839;;;104.0
37;11;Directed;1840;;;35.0
37;12;Directed;1841;;;27.0
37;13;Directed;1842;;;105.0
37;14;Directed;1843;;;81.0
37;15;Directed;1844;;;23.0
37;16;Directed;1845;;;23.0
37;17;Directed;1846;;;28.0
37;18;Directed;1847;;;1758.0
37;19;Directed;1848;;;13.0
37;20;Directed;1849;;;57.0
37;21;Directed;1850;;;42.0
37;22;Directed;1851;;;56.0
37;23;Directed;1852;;;38.0
37;24;Directed;1853;;;16.0
37;25;Directed;1854;;;22.0
37;26;Directed;1855;;;17.0
37;27;Directed;1856;;;120.0
37;28;Directed;1857;;;32.0
37;29;Directed;1858;;;387.0
37;30;Directed;1859;;;1327.0
37;31;Directed;1860;;;102.0
37;32;Directed;1861;;;100.0
37;33;Directed;1862;;;58.0
37;34;Directed;1863;;;724.0
37;35;Directed;1864;;;17.0
37;36;Directed;1865;;;500.0
37;38;Directed;1866;;;33.0
37;39;Directed;1867;;;27.0
37;40;Directed;1868;;;239.0
37;41;Directed;1869;;;24.0
37;42;Directed;1870;;;58.0
37;43;Directed;1871;;;7.0
37;44;Directed;1872;;;63.0
37;45;Directed;1873;;;6.0
37;46;Directed;1874;;;38.0
37;47;Directed;1875;;;165.0
37;48;Directed;1876;;;73.0
37;49;Directed;1877;;;46.0
37;50;Directed;1878;;;78.0
37;51;Directed;1879;;;9.0
37;52;Directed;1880;;;11.0
38;1;Directed;1881;;;11.0
38;2;Directed;1882;;;119.0
38;3;Directed;1883;;;38.0
38;4;Directed;1884;;;362.0
38;5;Directed;1885;;;41.0
38;6;Directed;1886;;;14.0
38;7;Directed;1887;;;20.0
38;8;Directed;1888;;;41.0
38;9;Directed;1889;;;269.0
38;10;Directed;1890;;;231.0
38;11;Directed;1891;;;122.0
38;12;Directed;1892;;;16.0
38;13;Directed;1893;;;41.0
38;14;Directed;1894;;;106.0
38;15;Directed;1895;;;26.0
38;16;Directed;1896;;;11.0
38;17;Directed;1897;;;11.0
38;18;Directed;1898;;;25.0
38;19;Directed;1899;;;11.0
38;20;Directed;1900;;;142.0
38;21;Directed;1901;;;17.0
38;22;Directed;1902;;;19.0
38;23;Directed;1903;;;16.0
38;24;Directed;1904;;;14.0
38;25;Directed;1905;;;21.0
38;26;Directed;1906;;;16.0
38;27;Directed;1907;;;55.0
38;28;Directed;1908;;;33.0
38;29;Directed;1909;;;17.0
38;30;Directed;1910;;;432.0
38;31;Directed;1911;;;42.0
38;32;Directed;1912;;;74.0
38;33;Directed;1913;;;706.0
38;34;Directed;1914;;;21.0
38;35;Directed;1915;;;4.0
38;36;Directed;1916;;;42.0
38;37;Directed;1917;;;26.0
38;39;Directed;1918;;;23.0
38;40;Directed;1919;;;30.0
38;41;Directed;1920;;;8.0
38;42;Directed;1921;;;37.0
38;43;Directed;1922;;;56.0
38;44;Directed;1923;;;36.0
38;45;Directed;1924;;;2.0
38;46;Directed;1925;;;57.0
38;47;Directed;1926;;;105.0
38;48;Directed;1927;;;20.0
38;49;Directed;1928;;;7.0
38;50;Directed;1929;;;260.0
38;51;Directed;1930;;;5.0
38;52;Directed;1931;;;1.0
39;1;Directed;1932;;;5.0
39;2;Directed;1933;;;139.0
39;3;Directed;1934;;;28.0
39;4;Directed;1935;;;32.0
39;5;Directed;1936;;;99.0
39;6;Directed;1937;;;131.0
39;7;Directed;1938;;;65.0
39;8;Directed;1939;;;111.0
39;9;Directed;1940;;;256.0
39;10;Directed;1941;;;106.0
39;11;Directed;1942;;;85.0
39;12;Directed;1943;;;209.0
39;13;Directed;1944;;;54.0
39;14;Directed;1945;;;56.0
39;15;Directed;1946;;;21.0
39;16;Directed;1947;;;15.0
39;17;Directed;1948;;;18.0
39;18;Directed;1949;;;55.0
39;19;Directed;1950;;;4.0
39;20;Directed;1951;;;81.0
39;21;Directed;1952;;;36.0
39;22;Directed;1953;;;27.0
39;23;Directed;1954;;;18.0
39;24;Directed;1955;;;28.0
39;25;Directed;1956;;;12.0
39;26;Directed;1957;;;7.0
39;27;Directed;1958;;;117.0
39;28;Directed;1959;;;17.0
39;29;Directed;1960;;;8.0
39;30;Directed;1961;;;1500.0
39;31;Directed;1962;;;93.0
39;32;Directed;1963;;;33.0
39;33;Directed;1964;;;60.0
39;34;Directed;1965;;;21.0
39;35;Directed;1966;;;50.0
39;36;Directed;1967;;;76.0
39;37;Directed;1968;;;50.0
39;38;Directed;1969;;;36.0
39;40;Directed;1970;;;87.0
39;41;Directed;1971;;;43.0
39;42;Directed;1972;;;67.0
39;43;Directed;1973;;;14.0
39;44;Directed;1974;;;27.0
39;46;Directed;1975;;;62.0
39;47;Directed;1976;;;122.0
39;48;Directed;1977;;;237.0
39;49;Directed;1978;;;165.0
39;50;Directed;1979;;;52.0
39;51;Directed;1980;;;4.0
39;52;Directed;1981;;;4.0
40;1;Directed;1982;;;31.0
40;2;Directed;1983;;;267.0
40;3;Directed;1984;;;94.0
40;4;Directed;1985;;;34.0
40;5;Directed;1986;;;187.0
40;6;Directed;1987;;;27.0
40;7;Directed;1988;;;86.0
40;8;Directed;1989;;;380.0
40;9;Directed;1990;;;736.0
40;10;Directed;1991;;;96.0
40;11;Directed;1992;;;19.0
40;12;Directed;1993;;;30.0
40;13;Directed;1994;;;271.0
40;14;Directed;1995;;;91.0
40;15;Directed;1996;;;65.0
40;16;Directed;1997;;;51.0
40;17;Directed;1998;;;85.0
40;18;Directed;1999;;;224.0
40;19;Directed;2000;;;21.0
40;20;Directed;2001;;;89.0
40;21;Directed;2002;;;91.0
40;22;Directed;2003;;;145.0
40;23;Directed;2004;;;36.0
40;24;Directed;2005;;;68.0
40;25;Directed;2006;;;24.0
40;26;Directed;2007;;;33.0
40;27;Directed;2008;;;74.0
40;28;Directed;2009;;;46.0
40;29;Directed;2010;;;29.0
40;30;Directed;2011;;;1493.0
40;31;Directed;2012;;;420.0
40;32;Directed;2013;;;142.0
40;33;Directed;2014;;;73.0
40;34;Directed;2015;;;51.0
40;35;Directed;2016;;;25.0
40;36;Directed;2017;;;1751.0
40;37;Directed;2018;;;225.0
40;38;Directed;2019;;;27.0
40;39;Directed;2020;;;39.0
40;41;Directed;2021;;;16.0
40;42;Directed;2022;;;285.0
40;43;Directed;2023;;;7.0
40;44;Directed;2024;;;93.0
40;45;Directed;2025;;;17.0
40;46;Directed;2026;;;67.0
40;47;Directed;2027;;;289.0
40;48;Directed;2028;;;63.0
40;49;Directed;2029;;;19.0
40;50;Directed;2030;;;121.0
40;51;Directed;2031;;;16.0
40;52;Directed;2032;;;73.0
41;1;Directed;2033;;;6.0
41;2;Directed;2034;;;60.0
41;3;Directed;2035;;;29.0
41;4;Directed;2036;;;13.0
41;5;Directed;2037;;;23.0
41;6;Directed;2038;;;80.0
41;7;Directed;2039;;;20.0
41;8;Directed;2040;;;35.0
41;9;Directed;2041;;;52.0
41;10;Directed;2042;;;19.0
41;11;Directed;2043;;;78.0
41;12;Directed;2044;;;7.0
41;13;Directed;2045;;;18.0
41;14;Directed;2046;;;25.0
41;15;Directed;2047;;;10.0
41;16;Directed;2048;;;11.0
41;17;Directed;2049;;;8.0
41;18;Directed;2050;;;13.0
41;19;Directed;2051;;;3.0
41;20;Directed;2052;;;19.0
41;21;Directed;2053;;;13.0
41;22;Directed;2054;;;4.0
41;23;Directed;2055;;;14.0
41;24;Directed;2056;;;24.0
41;25;Directed;2057;;;11.0
41;26;Directed;2058;;;12.0
41;27;Directed;2059;;;34.0
41;28;Directed;2060;;;22.0
41;29;Directed;2061;;;5.0
41;30;Directed;2062;;;1525.0
41;31;Directed;2063;;;41.0
41;32;Directed;2064;;;41.0
41;33;Directed;2065;;;13.0
41;34;Directed;2066;;;11.0
41;35;Directed;2067;;;18.0
41;36;Directed;2068;;;36.0
41;37;Directed;2069;;;20.0
41;38;Directed;2070;;;10.0
41;39;Directed;2071;;;25.0
41;40;Directed;2072;;;25.0
41;42;Directed;2073;;;19.0
41;43;Directed;2074;;;33.0
41;44;Directed;2075;;;19.0
41;45;Directed;2076;;;5.0
41;46;Directed;2077;;;36.0
41;47;Directed;2078;;;47.0
41;48;Directed;2079;;;252.0
41;49;Directed;2080;;;18.0
41;50;Directed;2081;;;45.0
41;51;Directed;2082;;;15.0
41;52;Directed;2083;;;6.0
42;1;Directed;2084;;;65.0
42;2;Directed;2085;;;307.0
42;3;Directed;2086;;;261.0
42;4;Directed;2087;;;37.0
42;5;Directed;2088;;;109.0
42;6;Directed;2089;;;18.0
42;7;Directed;2090;;;507.0
42;8;Directed;2091;;;1012.0
42;9;Directed;2092;;;1186.0
42;10;Directed;2093;;;120.0
42;11;Directed;2094;;;44.0
42;12;Directed;2095;;;104.0
42;13;Directed;2096;;;1813.0
42;14;Directed;2097;;;84.0
42;15;Directed;2098;;;75.0
42;16;Directed;2099;;;76.0
42;17;Directed;2100;;;666.0
42;18;Directed;2101;;;100.0
42;19;Directed;2102;;;30.0
42;20;Directed;2103;;;121.0
42;21;Directed;2104;;;137.0
42;22;Directed;2105;;;390.0
42;23;Directed;2106;;;50.0
42;24;Directed;2107;;;1327.0
42;25;Directed;2108;;;23.0
42;26;Directed;2109;;;185.0
42;27;Directed;2110;;;63.0
42;28;Directed;2111;;;52.0
42;29;Directed;2112;;;29.0
42;30;Directed;2113;;;2301.0
42;31;Directed;2114;;;1411.0
42;32;Directed;2115;;;242.0
42;33;Directed;2116;;;137.0
42;34;Directed;2117;;;49.0
42;35;Directed;2118;;;15.0
42;36;Directed;2119;;;574.0
42;37;Directed;2120;;;73.0
42;38;Directed;2121;;;49.0
42;39;Directed;2122;;;45.0
42;40;Directed;2123;;;322.0
42;41;Directed;2124;;;28.0
42;43;Directed;2125;;;12.0
42;44;Directed;2126;;;113.0
42;45;Directed;2127;;;18.0
42;46;Directed;2128;;;98.0
42;47;Directed;2129;;;318.0
42;48;Directed;2130;;;96.0
42;49;Directed;2131;;;20.0
42;50;Directed;2132;;;153.0
42;51;Directed;2133;;;103.0
42;52;Directed;2134;;;67.0
43;1;Directed;2135;;;11.0
43;2;Directed;2136;;;34.0
43;3;Directed;2137;;;22.0
43;4;Directed;2138;;;20.0
43;5;Directed;2139;;;17.0
43;6;Directed;2140;;;4.0
43;7;Directed;2141;;;9.0
43;8;Directed;2142;;;15.0
43;9;Directed;2143;;;86.0
43;10;Directed;2144;;;18.0
43;11;Directed;2145;;;73.0
43;12;Directed;2146;;;12.0
43;13;Directed;2147;;;12.0
43;14;Directed;2148;;;17.0
43;15;Directed;2149;;;10.0
43;16;Directed;2150;;;1.0
43;17;Directed;2151;;;4.0
43;18;Directed;2152;;;14.0
43;19;Directed;2153;;;6.0
43;20;Directed;2154;;;27.0
43;21;Directed;2155;;;17.0
43;22;Directed;2156;;;14.0
43;23;Directed;2157;;;20.0
43;24;Directed;2158;;;5.0
43;25;Directed;2159;;;6.0
43;26;Directed;2160;;;3.0
43;27;Directed;2161;;;21.0
43;28;Directed;2162;;;8.0
43;29;Directed;2163;;;6.0
43;30;Directed;2164;;;336.0
43;31;Directed;2165;;;20.0
43;32;Directed;2166;;;18.0
43;33;Directed;2167;;;81.0
43;34;Directed;2168;;;4.0
43;35;Directed;2169;;;15.0
43;36;Directed;2170;;;5.0
43;37;Directed;2171;;;6.0
43;38;Directed;2172;;;73.0
43;39;Directed;2173;;;12.0
43;40;Directed;2174;;;9.0
43;41;Directed;2175;;;28.0
43;42;Directed;2176;;;16.0
43;44;Directed;2177;;;12.0
43;45;Directed;2178;;;12.0
43;46;Directed;2179;;;10.0
43;47;Directed;2180;;;32.0
43;48;Directed;2181;;;55.0
43;49;Directed;2182;;;2.0
43;50;Directed;2183;;;223.0
43;51;Directed;2184;;;1.0
43;52;Directed;2185;;;1.0
44;1;Directed;2186;;;29.0
44;2;Directed;2187;;;268.0
44;3;Directed;2188;;;165.0
44;4;Directed;2189;;;38.0
44;5;Directed;2190;;;78.0
44;6;Directed;2191;;;17.0
44;7;Directed;2192;;;69.0
44;8;Directed;2193;;;281.0
44;9;Directed;2194;;;6408.0
44;10;Directed;2195;;;115.0
44;11;Directed;2196;;;43.0
44;12;Directed;2197;;;40.0
44;13;Directed;2198;;;101.0
44;14;Directed;2199;;;53.0
44;15;Directed;2200;;;442.0
44;16;Directed;2201;;;42.0
44;17;Directed;2202;;;77.0
44;18;Directed;2203;;;65.0
44;19;Directed;2204;;;24.0
44;20;Directed;2205;;;87.0
44;21;Directed;2206;;;340.0
44;22;Directed;2207;;;127.0
44;23;Directed;2208;;;26.0
44;24;Directed;2209;;;49.0
44;25;Directed;2210;;;94.0
44;26;Directed;2211;;;106.0
44;27;Directed;2212;;;35.0
44;28;Directed;2213;;;690.0
44;29;Directed;2214;;;47.0
44;30;Directed;2215;;;536.0
44;31;Directed;2216;;;175.0
44;32;Directed;2217;;;230.0
44;33;Directed;2218;;;95.0
44;34;Directed;2219;;;32.0
44;35;Directed;2220;;;9.0
44;36;Directed;2221;;;115.0
44;37;Directed;2222;;;38.0
44;38;Directed;2223;;;32.0
44;39;Directed;2224;;;30.0
44;40;Directed;2225;;;110.0
44;41;Directed;2226;;;12.0
44;42;Directed;2227;;;134.0
44;43;Directed;2228;;;10.0
44;45;Directed;2229;;;83.0
44;46;Directed;2230;;;44.0
44;47;Directed;2231;;;372.0
44;48;Directed;2232;;;36.0
44;49;Directed;2233;;;9.0
44;50;Directed;2234;;;303.0
44;51;Directed;2235;;;18.0
44;52;Directed;2236;;;69.0
45;1;Directed;2237;;;13.0
45;2;Directed;2238;;;50.0
45;3;Directed;2239;;;22.0
45;4;Directed;2240;;;7.0
45;5;Directed;2241;;;23.0
45;7;Directed;2242;;;7.0
45;8;Directed;2243;;;30.0
45;9;Directed;2244;;;279.0
45;10;Directed;2245;;;20.0
45;11;Directed;2246;;;13.0
45;12;Directed;2247;;;4.0
45;13;Directed;2248;;;14.0
45;14;Directed;2249;;;10.0
45;15;Directed;2250;;;147.0
45;16;Directed;2251;;;6.0
45;17;Directed;2252;;;5.0
45;18;Directed;2253;;;9.0
45;19;Directed;2254;;;10.0
45;20;Directed;2255;;;13.0
45;21;Directed;2256;;;16.0
45;22;Directed;2257;;;13.0
45;23;Directed;2258;;;27.0
45;24;Directed;2259;;;5.0
45;25;Directed;2260;;;58.0
45;26;Directed;2261;;;5.0
45;27;Directed;2262;;;6.0
45;28;Directed;2263;;;36.0
45;29;Directed;2264;;;12.0
45;30;Directed;2265;;;149.0
45;31;Directed;2266;;;14.0
45;32;Directed;2267;;;40.0
45;33;Directed;2268;;;26.0
45;34;Directed;2269;;;7.0
45;35;Directed;2270;;;10.0
45;36;Directed;2271;;;18.0
45;37;Directed;2272;;;12.0
45;38;Directed;2273;;;29.0
45;40;Directed;2274;;;18.0
45;41;Directed;2275;;;1.0
45;42;Directed;2276;;;20.0
45;43;Directed;2277;;;12.0
45;44;Directed;2278;;;83.0
45;46;Directed;2279;;;9.0
45;47;Directed;2280;;;330.0
45;48;Directed;2281;;;3.0
45;50;Directed;2282;;;748.0
45;52;Directed;2283;;;3.0
46;1;Directed;2284;;;119.0
46;2;Directed;2285;;;398.0
46;3;Directed;2286;;;110.0
46;4;Directed;2287;;;57.0
46;5;Directed;2288;;;128.0
46;6;Directed;2289;;;152.0
46;7;Directed;2290;;;176.0
46;8;Directed;2291;;;206.0
46;9;Directed;2292;;;341.0
46;10;Directed;2293;;;86.0
46;11;Directed;2294;;;51.0
46;12;Directed;2295;;;253.0
46;13;Directed;2296;;;107.0
46;14;Directed;2297;;;77.0
46;15;Directed;2298;;;66.0
46;16;Directed;2299;;;413.0
46;17;Directed;2300;;;79.0
46;18;Directed;2301;;;54.0
46;19;Directed;2302;;;143.0
46;20;Directed;2303;;;86.0
46;21;Directed;2304;;;73.0
46;22;Directed;2305;;;93.0
46;23;Directed;2306;;;172.0
46;24;Directed;2307;;;52.0
46;25;Directed;2308;;;32.0
46;26;Directed;2309;;;64.0
46;27;Directed;2310;;;45.0
46;28;Directed;2311;;;63.0
46;29;Directed;2312;;;21.0
46;30;Directed;2313;;;9627.0
46;31;Directed;2314;;;199.0
46;32;Directed;2315;;;228.0
46;33;Directed;2316;;;128.0
46;34;Directed;2317;;;26.0
46;35;Directed;2318;;;19.0
46;36;Directed;2319;;;168.0
46;37;Directed;2320;;;53.0
46;38;Directed;2321;;;32.0
46;39;Directed;2322;;;68.0
46;40;Directed;2323;;;94.0
46;41;Directed;2324;;;66.0
46;42;Directed;2325;;;113.0
46;43;Directed;2326;;;23.0
46;44;Directed;2327;;;57.0
46;45;Directed;2328;;;24.0
46;47;Directed;2329;;;259.0
46;48;Directed;2330;;;65.0
46;49;Directed;2331;;;29.0
46;50;Directed;2332;;;72.0
46;51;Directed;2333;;;21.0
46;52;Directed;2334;;;28.0
47;1;Directed;2335;;;504.0
47;2;Directed;2336;;;2440.0
47;3;Directed;2337;;;345.0
47;4;Directed;2338;;;108.0
47;5;Directed;2339;;;171.0
47;6;Directed;2340;;;38.0
47;7;Directed;2341;;;115.0
47;8;Directed;2342;;;1339.0
47;9;Directed;2343;;;2224.0
47;10;Directed;2344;;;237.0
47;11;Directed;2345;;;71.0
47;12;Directed;2346;;;65.0
47;13;Directed;2347;;;181.0
47;14;Directed;2348;;;139.0
47;15;Directed;2349;;;1524.0
47;16;Directed;2350;;;192.0
47;17;Directed;2351;;;127.0
47;18;Directed;2352;;;161.0
47;19;Directed;2353;;;470.0
47;20;Directed;2354;;;213.0
47;21;Directed;2355;;;216.0
47;22;Directed;2356;;;217.0
47;23;Directed;2357;;;92.0
47;24;Directed;2358;;;118.0
47;25;Directed;2359;;;124.0
47;26;Directed;2360;;;173.0
47;27;Directed;2361;;;92.0
47;28;Directed;2362;;;307.0
47;29;Directed;2363;;;46.0
47;30;Directed;2364;;;2991.0
47;31;Directed;2365;;;410.0
47;32;Directed;2366;;;732.0
47;33;Directed;2367;;;193.0
47;34;Directed;2368;;;46.0
47;35;Directed;2369;;;28.0
47;36;Directed;2370;;;320.0
47;37;Directed;2371;;;139.0
47;38;Directed;2372;;;103.0
47;39;Directed;2373;;;52.0
47;40;Directed;2374;;;237.0
47;41;Directed;2375;;;36.0
47;42;Directed;2376;;;282.0
47;43;Directed;2377;;;21.0
47;44;Directed;2378;;;361.0
47;45;Directed;2379;;;296.0
47;46;Directed;2380;;;184.0
47;48;Directed;2381;;;111.0
47;49;Directed;2382;;;29.0
47;50;Directed;2383;;;458.0
47;51;Directed;2384;;;31.0
47;52;Directed;2385;;;37.0
48;1;Directed;2386;;;13.0
48;2;Directed;2387;;;185.0
48;3;Directed;2388;;;41.0
48;4;Directed;2389;;;49.0
48;5;Directed;2390;;;127.0
48;6;Directed;2391;;;83.0
48;7;Directed;2392;;;70.0
48;8;Directed;2393;;;130.0
48;9;Directed;2394;;;249.0
48;10;Directed;2395;;;102.0
48;11;Directed;2396;;;210.0
48;12;Directed;2397;;;50.0
48;13;Directed;2398;;;46.0
48;14;Directed;2399;;;138.0
48;15;Directed;2400;;;33.0
48;16;Directed;2401;;;15.0
48;17;Directed;2402;;;58.0
48;18;Directed;2403;;;69.0
48;19;Directed;2404;;;5.0
48;20;Directed;2405;;;55.0
48;21;Directed;2406;;;25.0
48;22;Directed;2407;;;21.0
48;23;Directed;2408;;;26.0
48;24;Directed;2409;;;30.0
48;25;Directed;2410;;;20.0
48;26;Directed;2411;;;5.0
48;27;Directed;2412;;;235.0
48;28;Directed;2413;;;22.0
48;29;Directed;2414;;;25.0
48;30;Directed;2415;;;1325.0
48;31;Directed;2416;;;118.0
48;32;Directed;2417;;;71.0
48;33;Directed;2418;;;50.0
48;34;Directed;2419;;;33.0
48;35;Directed;2420;;;307.0
48;36;Directed;2421;;;80.0
48;37;Directed;2422;;;73.0
48;38;Directed;2423;;;34.0
48;39;Directed;2424;;;165.0
48;40;Directed;2425;;;102.0
48;41;Directed;2426;;;214.0
48;42;Directed;2427;;;51.0
48;43;Directed;2428;;;35.0
48;44;Directed;2429;;;27.0
48;45;Directed;2430;;;6.0
48;46;Directed;2431;;;43.0
48;47;Directed;2432;;;169.0
48;49;Directed;2433;;;238.0
48;50;Directed;2434;;;117.0
48;51;Directed;2435;;;5.0
48;52;Directed;2436;;;12.0
49;1;Directed;2437;;;7.0
49;2;Directed;2438;;;58.0
49;3;Directed;2439;;;11.0
49;4;Directed;2440;;;20.0
49;5;Directed;2441;;;101.0
49;6;Directed;2442;;;34.0
49;7;Directed;2443;;;21.0
49;8;Directed;2444;;;49.0
49;9;Directed;2445;;;107.0
49;10;Directed;2446;;;61.0
49;11;Directed;2447;;;44.0
49;12;Directed;2448;;;12.0
49;13;Directed;2449;;;11.0
49;14;Directed;2450;;;52.0
49;15;Directed;2451;;;17.0
49;16;Directed;2452;;;4.0
49;17;Directed;2453;;;12.0
49;18;Directed;2454;;;42.0
49;19;Directed;2455;;;6.0
49;20;Directed;2456;;;38.0
49;21;Directed;2457;;;18.0
49;22;Directed;2458;;;14.0
49;23;Directed;2459;;;14.0
49;24;Directed;2460;;;10.0
49;25;Directed;2461;;;2.0
49;27;Directed;2462;;;188.0
49;28;Directed;2463;;;8.0
49;29;Directed;2464;;;10.0
49;30;Directed;2465;;;659.0
49;31;Directed;2466;;;25.0
49;32;Directed;2467;;;33.0
49;33;Directed;2468;;;27.0
49;34;Directed;2469;;;46.0
49;35;Directed;2470;;;46.0
49;36;Directed;2471;;;22.0
49;37;Directed;2472;;;49.0
49;38;Directed;2473;;;23.0
49;39;Directed;2474;;;223.0
49;40;Directed;2475;;;31.0
49;41;Directed;2476;;;27.0
49;42;Directed;2477;;;34.0
49;43;Directed;2478;;;5.0
49;44;Directed;2479;;;22.0
49;45;Directed;2480;;;2.0
49;46;Directed;2481;;;41.0
49;47;Directed;2482;;;52.0
49;48;Directed;2483;;;273.0
49;50;Directed;2484;;;44.0
49;51;Directed;2485;;;4.0
49;52;Directed;2486;;;5.0
50;1;Directed;2487;;;41.0
50;2;Directed;2488;;;278.0
50;3;Directed;2489;;;179.0
50;4;Directed;2490;;;60.0
50;5;Directed;2491;;;99.0
50;6;Directed;2492;;;17.0
50;7;Directed;2493;;;59.0
50;8;Directed;2494;;;201.0
50;9;Directed;2495;;;1078.0
50;10;Directed;2496;;;147.0
50;11;Directed;2497;;;74.0
50;12;Directed;2498;;;39.0
50;13;Directed;2499;;;106.0
50;14;Directed;2500;;;87.0
50;15;Directed;2501;;;187.0
50;16;Directed;2502;;;42.0
50;17;Directed;2503;;;80.0
50;18;Directed;2504;;;79.0
50;19;Directed;2505;;;25.0
50;20;Directed;2506;;;97.0
50;21;Directed;2507;;;137.0
50;22;Directed;2508;;;102.0
50;23;Directed;2509;;;75.0
50;24;Directed;2510;;;80.0
50;25;Directed;2511;;;767.0
50;26;Directed;2512;;;39.0
50;27;Directed;2513;;;89.0
50;28;Directed;2514;;;251.0
50;29;Directed;2515;;;19.0
50;30;Directed;2516;;;1502.0
50;31;Directed;2517;;;213.0
50;32;Directed;2518;;;196.0
50;33;Directed;2519;;;581.0
50;34;Directed;2520;;;26.0
50;35;Directed;2521;;;13.0
50;36;Directed;2522;;;117.0
50;37;Directed;2523;;;55.0
50;38;Directed;2524;;;197.0
50;39;Directed;2525;;;33.0
50;40;Directed;2526;;;99.0
50;41;Directed;2527;;;35.0
50;42;Directed;2528;;;170.0
50;43;Directed;2529;;;141.0
50;44;Directed;2530;;;333.0
50;45;Directed;2531;;;506.0
50;46;Directed;2532;;;64.0
50;47;Directed;2533;;;523.0
50;48;Directed;2534;;;79.0
50;49;Directed;2535;;;24.0
50;51;Directed;2536;;;19.0
50;52;Directed;2537;;;33.0
51;1;Directed;2538;;;4.0
51;2;Directed;2539;;;51.0
51;3;Directed;2540;;;70.0
51;4;Directed;2541;;;2.0
51;5;Directed;2542;;;14.0
51;6;Directed;2543;;;2.0
51;7;Directed;2544;;;26.0
51;8;Directed;2545;;;42.0
51;9;Directed;2546;;;68.0
51;10;Directed;2547;;;17.0
51;11;Directed;2548;;;4.0
51;12;Directed;2549;;;8.0
51;13;Directed;2550;;;519.0
51;14;Directed;2551;;;3.0
51;15;Directed;2552;;;13.0
51;16;Directed;2553;;;7.0
51;17;Directed;2554;;;39.0
51;18;Directed;2555;;;16.0
51;19;Directed;2556;;;4.0
51;20;Directed;2557;;;25.0
51;21;Directed;2558;;;15.0
51;22;Directed;2559;;;134.0
51;23;Directed;2560;;;2.0
51;24;Directed;2561;;;23.0
51;26;Directed;2562;;;40.0
51;27;Directed;2563;;;18.0
51;28;Directed;2564;;;12.0
51;29;Directed;2565;;;3.0
51;30;Directed;2566;;;249.0
51;31;Directed;2567;;;411.0
51;32;Directed;2568;;;32.0
51;33;Directed;2569;;;14.0
51;34;Directed;2570;;;2.0
51;36;Directed;2571;;;30.0
51;37;Directed;2572;;;13.0
51;38;Directed;2573;;;11.0
51;39;Directed;2574;;;8.0
51;40;Directed;2575;;;22.0
51;41;Directed;2576;;;6.0
51;42;Directed;2577;;;162.0
51;43;Directed;2578;;;1.0
51;44;Directed;2579;;;14.0
51;46;Directed;2580;;;19.0
51;47;Directed;2581;;;42.0
51;48;Directed;2582;;;8.0
51;49;Directed;2583;;;2.0
51;50;Directed;2584;;;44.0
51;52;Directed;2585;;;29.0
52;1;Directed;2586;;;6.0
52;2;Directed;2587;;;75.0
52;3;Directed;2588;;;245.0
52;4;Directed;2589;;;7.0
52;5;Directed;2590;;;16.0
52;6;Directed;2591;;;10.0
52;7;Directed;2592;;;17.0
52;8;Directed;2593;;;92.0
52;9;Directed;2594;;;247.0
52;10;Directed;2595;;;13.0
52;11;Directed;2596;;;6.0
52;12;Directed;2597;;;9.0
52;13;Directed;2598;;;86.0
52;14;Directed;2599;;;13.0
52;15;Directed;2600;;;23.0
52;16;Directed;2601;;;7.0
52;17;Directed;2602;;;47.0
52;18;Directed;2603;;;14.0
52;19;Directed;2604;;;8.0
52;20;Directed;2605;;;16.0
52;21;Directed;2606;;;96.0
52;22;Directed;2607;;;177.0
52;23;Directed;2608;;;3.0
52;24;Directed;2609;;;10.0
52;25;Directed;2610;;;4.0
52;26;Directed;2611;;;19.0
52;27;Directed;2612;;;1.0
52;28;Directed;2613;;;37.0
52;29;Directed;2614;;;5.0
52;30;Directed;2615;;;237.0
52;31;Directed;2616;;;419.0
52;32;Directed;2617;;;100.0
52;33;Directed;2618;;;12.0
52;34;Directed;2619;;;1.0
52;35;Directed;2620;;;3.0
52;36;Directed;2621;;;126.0
52;37;Directed;2622;;;14.0
52;38;Directed;2623;;;16.0
52;39;Directed;2624;;;10.0
52;40;Directed;2625;;;59.0
52;41;Directed;2626;;;13.0
52;42;Directed;2627;;;78.0
52;43;Directed;2628;;;1.0
52;44;Directed;2629;;;74.0
52;45;Directed;2630;;;3.0
52;46;Directed;2631;;;21.0
52;47;Directed;2632;;;62.0
52;48;Directed;2633;;;12.0
52;49;Directed;2634;;;1.0
52;50;Directed;2635;;;61.0
52;51;Directed;2636;;;38.0
